{
  "type": "FeatureCollection",
  "features": [
    {
      "type": "Feature",
      "geometry": {
        "type": "Polygon",
        "coordinates": [
          [
            [-56.08802258481017, -34.77918454357539],
            [-56.089242977652745, -34.78038499343538],
            [-56.091838848370706, -34.77961324607852],
            [-56.09285214223388, -34.778766900951915],
            [-56.09330295724244, -34.77702642000957],
            [-56.094235880022296, -34.7760072511335],
            [-56.09578078357971, -34.77680125585739],
            [-56.09843374208993, -34.775579438942195],
            [-56.097788668491276, -34.77444579563924],
            [-56.09786185212355, -34.77287333941642],
            [-56.09903560072097, -34.771922039671836],
            [-56.09857755492288, -34.77021842171636],
            [-56.09998300068023, -34.76926460384522],
            [-56.09711887878182, -34.76773245127461],
            [-56.09724283615682, -34.76664614981642],
            [-56.096101567510935, -34.7659090128385],
            [-56.094826234178804, -34.76333184595441],
            [-56.09545935717135, -34.76207786022872],
            [-56.09436566624272, -34.761871081995885],
            [-56.09308437572035, -34.75984902878604],
            [-56.09420294698356, -34.75880483210431],
            [-56.09424145753561, -34.75784512477952],
            [-56.096172232002445, -34.756182297363594],
            [-56.097893307257785, -34.75695975057583],
            [-56.09940175388026, -34.755989564076486],
            [-56.10003417998123, -34.75482303439482],
            [-56.0995496815848, -34.75298042603557],
            [-56.10064528880171, -34.7527456324032],
            [-56.10227912429613, -34.75068733649297],
            [-56.1055392874695, -34.74984386054436],
            [-56.106199651359056, -34.75098219865708],
            [-56.107402686644654, -34.751511308802044],
            [-56.109630568605404, -34.75114832418789],
            [-56.11086546301833, -34.75039939068534],
            [-56.11233118457617, -34.75044649681233],
            [-56.115497058236585, -34.748421279493556],
            [-56.11897691433145, -34.74867926108482],
            [-56.120220763310236, -34.74701338293482],
            [-56.12069927599238, -34.74476102785225],
            [-56.12004577929069, -34.744282091692206],
            [-56.12008250621083, -34.74184364820174],
            [-56.122408055734894, -34.738203721919106],
            [-56.12373693755689, -34.738409916416515],
            [-56.12547821397353, -34.738040745194716],
            [-56.12708536237344, -34.736506293638705],
            [-56.126681672909704, -34.7333379060771],
            [-56.1253406971755, -34.73114626141006],
            [-56.12374151527096, -34.73001283884821],
            [-56.12277055487468, -34.727258119227265],
            [-56.12377010412979, -34.725976412965494],
            [-56.12424688385368, -34.72460345369613],
            [-56.124006333959144, -34.723502926829866],
            [-56.12464095483774, -34.721772545210115],
            [-56.12400832955493, -34.720657633658035],
            [-56.12463911982566, -34.71982332891269],
            [-56.12456144627297, -34.718683773152975],
            [-56.12819600562273, -34.71666005669816],
            [-56.132036516254324, -34.716000843714866],
            [-56.13291903954469, -34.71640427785677],
            [-56.13651544564888, -34.716288704773014],
            [-56.13867871480517, -34.714267386667686],
            [-56.14247075414429, -34.71418939528258],
            [-56.149500329202915, -34.72001107040387],
            [-56.151991603561385, -34.72035429874983],
            [-56.15571819426864, -34.72180660168321],
            [-56.15877883834347, -34.72006572452467],
            [-56.161262021631835, -34.71940032841076],
            [-56.166845318007375, -34.730677073491684],
            [-56.16718565940557, -34.73213184000963],
            [-56.16639467623001, -34.733317595690956],
            [-56.16588561874912, -34.735623039070546],
            [-56.167972586718584, -34.73645572183971],
            [-56.16783072355612, -34.738599880970796],
            [-56.16849224972209, -34.73930291020763],
            [-56.16876165199307, -34.741484021729335],
            [-56.17019164947938, -34.74392261270646],
            [-56.17155122231255, -34.74513586507846],
            [-56.17132151718106, -34.74842211988418],
            [-56.17237443353031, -34.75042943510803],
            [-56.173797956010624, -34.75120981090112],
            [-56.17540160305245, -34.75149353055597],
            [-56.1759193417302, -34.75308415087959],
            [-56.177106657392606, -34.75417299242303],
            [-56.176654354962, -34.755344036360384],
            [-56.17929110563514, -34.75626182968989],
            [-56.17960002078392, -34.757846380216485],
            [-56.1783579101957, -34.7595085174232],
            [-56.17888669957258, -34.762851147970025],
            [-56.180676969944166, -34.76312146071056],
            [-56.18287578059376, -34.7629077371545],
            [-56.18483233234591, -34.76399299018062],
            [-56.187696530892666, -34.76416073002169],
            [-56.189306722611825, -34.763101823916685],
            [-56.19054971907359, -34.763404500014495],
            [-56.1920130770981, -34.765207643275],
            [-56.19197581579816, -34.76609113891629],
            [-56.19362056737198, -34.766933746804085],
            [-56.19350604289211, -34.76821780902786],
            [-56.19079593813839, -34.77035904665227],
            [-56.189556067872225, -34.77087910152453],
            [-56.188326055710974, -34.77217244853669],
            [-56.18833571069029, -34.77444887588189],
            [-56.19069729955961, -34.77627613157776],
            [-56.19099573868064, -34.78037666632851],
            [-56.191340931288636, -34.78128159302237],
            [-56.19048029556176, -34.78387304950283],
            [-56.19114962304274, -34.78566295927177],
            [-56.19047117919355, -34.78762092904693],
            [-56.191303075932325, -34.78836610668744],
            [-56.191154822807725, -34.79049895998781],
            [-56.190350938640755, -34.79071758607222],
            [-56.18928733240346, -34.7922800251954],
            [-56.187432365515185, -34.79421876505319],
            [-56.18608645808899, -34.79466874378539],
            [-56.18475356088812, -34.796294995818556],
            [-56.184834805287935, -34.79728630706313],
            [-56.18578991473732, -34.79862674502795],
            [-56.18665022258676, -34.80070654430036],
            [-56.18628335744752, -34.80175770641154],
            [-56.18505331464547, -34.80317634470633],
            [-56.18412451522317, -34.80353048734676],
            [-56.18438117071197, -34.80475873411839],
            [-56.1828599403412, -34.80537286417432],
            [-56.18345975801586, -34.80657638486074],
            [-56.1850878933119, -34.807643275083336],
            [-56.18556265836873, -34.80895777300358],
            [-56.18372142171253, -34.809922530553735],
            [-56.18392894165254, -34.8117425892046],
            [-56.18588043131487, -34.81301385816387],
            [-56.18547709340735, -34.814349186827016],
            [-56.18547986025095, -34.814377634831736],
            [-56.185827625539915, -34.81605043086881],
            [-56.18696649744259, -34.817219847300144],
            [-56.18784782751395, -34.819038245094426],
            [-56.187515193674486, -34.82213936442106],
            [-56.1854367767817, -34.82313283011009],
            [-56.185155132780686, -34.82510707494535],
            [-56.18549267102446, -34.82611479465222],
            [-56.18445047687159, -34.8272814129738],
            [-56.18347077744886, -34.82751472996801],
            [-56.17352663509884, -34.817791199368116],
            [-56.167687689789936, -34.81195373142938],
            [-56.16449743782868, -34.808874870248516],
            [-56.160466102072746, -34.808388183021286],
            [-56.14278297078892, -34.8060545290597],
            [-56.14393157315256, -34.800882174877536],
            [-56.12932058455845, -34.79873583462159],
            [-56.12743222401592, -34.7986500970712],
            [-56.12508564715951, -34.80150395554574],
            [-56.1206842170823, -34.79938670349151],
            [-56.12010626583178, -34.79892830054786],
            [-56.11786614387689, -34.794173941936755],
            [-56.11749631849426, -34.79382128935893],
            [-56.111000797945096, -34.79066120739201],
            [-56.1087939651221, -34.78942553306072],
            [-56.10707323102883, -34.78958249400951],
            [-56.08823765878203, -34.7799746098398],
            [-56.08802258481017, -34.77918454357539]
          ]
        ]
      },
      "properties": {
        "GID": 1,
        "NROBARRIO": 32,
        "BARRIO": "MANGA TOLEDO CHICO",
        "CODBA": "MT"
      }
    },
    {
      "type": "Feature",
      "geometry": {
        "type": "Polygon",
        "coordinates": [
          [
            [-56.22562430113373, -34.7767915222588],
            [-56.22435664845564, -34.780602305957984],
            [-56.22386215206455, -34.78279364616021],
            [-56.22377303277012, -34.78607502511802],
            [-56.22249656779779, -34.78670547025469],
            [-56.221349455224065, -34.7989451867592],
            [-56.22106552221022, -34.79906717094293],
            [-56.22091491600656, -34.803430771741624],
            [-56.22054467023885, -34.807674127853836],
            [-56.2202737552465, -34.80783206472389],
            [-56.21984746485546, -34.81283418960225],
            [-56.21299635496155, -34.81707115728357],
            [-56.21055074896195, -34.81334550558979],
            [-56.20921627547781, -34.80915024559994],
            [-56.19624683680634, -34.81655282329878],
            [-56.192423522942185, -34.81149888351932],
            [-56.20090782726508, -34.807587006063976],
            [-56.19971708650292, -34.80627444914475],
            [-56.19462903079571, -34.80236948191984],
            [-56.190222680619804, -34.80223113723864],
            [-56.18438117071197, -34.80475873411839],
            [-56.18412451522317, -34.80353048734676],
            [-56.18505331464547, -34.80317634470633],
            [-56.18628335744752, -34.80175770641154],
            [-56.18665022258676, -34.80070654430036],
            [-56.18578991473732, -34.79862674502795],
            [-56.184834805287935, -34.79728630706313],
            [-56.18475356088812, -34.796294995818556],
            [-56.18608645808899, -34.79466874378539],
            [-56.187432365515185, -34.79421876505319],
            [-56.18928733240346, -34.7922800251954],
            [-56.190350938640755, -34.79071758607222],
            [-56.191154822807725, -34.79049895998781],
            [-56.191303075932325, -34.78836610668744],
            [-56.19047117919355, -34.78762092904693],
            [-56.19114962304274, -34.78566295927177],
            [-56.19048029556176, -34.78387304950283],
            [-56.191340931288636, -34.78128159302237],
            [-56.19099573868064, -34.78037666632851],
            [-56.19069729955961, -34.77627613157776],
            [-56.18833571069029, -34.77444887588189],
            [-56.188326055710974, -34.77217244853669],
            [-56.189556067872225, -34.77087910152453],
            [-56.19079593813839, -34.77035904665227],
            [-56.19350604289211, -34.76821780902786],
            [-56.19362056737198, -34.766933746804085],
            [-56.19197581579816, -34.76609113891629],
            [-56.1920130770981, -34.765207643275],
            [-56.19054971907359, -34.763404500014495],
            [-56.189306722611825, -34.763101823916685],
            [-56.187696530892666, -34.76416073002169],
            [-56.18483233234591, -34.76399299018062],
            [-56.18287578059376, -34.7629077371545],
            [-56.180676969944166, -34.76312146071056],
            [-56.17888669957258, -34.762851147970025],
            [-56.1783579101957, -34.7595085174232],
            [-56.17960002078392, -34.757846380216485],
            [-56.17929110563514, -34.75626182968989],
            [-56.176654354962, -34.755344036360384],
            [-56.177106657392606, -34.75417299242303],
            [-56.1759193417302, -34.75308415087959],
            [-56.17540160305245, -34.75149353055597],
            [-56.173797956010624, -34.75120981090112],
            [-56.17237443353031, -34.75042943510803],
            [-56.17132151718106, -34.74842211988418],
            [-56.17155122231255, -34.74513586507846],
            [-56.17019164947938, -34.74392261270646],
            [-56.16876165199307, -34.741484021729335],
            [-56.16849224972209, -34.73930291020763],
            [-56.16783072355612, -34.738599880970796],
            [-56.167972586718584, -34.73645572183971],
            [-56.16588561874912, -34.735623039070546],
            [-56.16639467623001, -34.733317595690956],
            [-56.16718565940557, -34.73213184000963],
            [-56.16744989478249, -34.73506684352704],
            [-56.16903773948756, -34.730949374337996],
            [-56.1717742104099, -34.72945033370562],
            [-56.171326386033854, -34.72884616605598],
            [-56.17277548036043, -34.72669423425733],
            [-56.17247544062226, -34.725189684989424],
            [-56.17412790283932, -34.72238183691027],
            [-56.173641235309994, -34.7210730731751],
            [-56.17433362169232, -34.719869531871765],
            [-56.1751968125985, -34.719509045478404],
            [-56.17706280870814, -34.71962088013932],
            [-56.17948082991595, -34.72105001456613],
            [-56.18125654569155, -34.721763188282765],
            [-56.1830786043826, -34.72169908074979],
            [-56.18495601689638, -34.722227978745615],
            [-56.187409686480436, -34.7220355853061],
            [-56.18789149552234, -34.72245776310976],
            [-56.19092649071723, -34.72178627295678],
            [-56.19165014901787, -34.72134415346907],
            [-56.192739648991385, -34.72227493225104],
            [-56.19341106055682, -34.72506016387684],
            [-56.194314299343404, -34.72532420636355],
            [-56.19591935142835, -34.72664529948123],
            [-56.19870490480577, -34.727347263060715],
            [-56.201177643406425, -34.729261335654535],
            [-56.20319149775311, -34.730418148378746],
            [-56.2049891429693, -34.73391174780154],
            [-56.2047230234617, -34.73519452318938],
            [-56.20597983378366, -34.736965226409914],
            [-56.20728312245864, -34.737921226317155],
            [-56.2082924452091, -34.74104086751966],
            [-56.21096550761465, -34.74214168035365],
            [-56.21213876567939, -34.743390641508306],
            [-56.212383937646315, -34.74573888340336],
            [-56.212006269376936, -34.74634584149821],
            [-56.21346006364718, -34.74815451075859],
            [-56.2143827470577, -34.74826262863293],
            [-56.21487462375946, -34.75026178853262],
            [-56.21593260901184, -34.751530732380104],
            [-56.217603725931106, -34.75502483451445],
            [-56.21947177806918, -34.75681575197179],
            [-56.21808439980442, -34.75973761024435],
            [-56.219638369868846, -34.760732000883706],
            [-56.220948630515714, -34.7621877837194],
            [-56.221386084017645, -34.76371777658622],
            [-56.22114661866336, -34.76519527873087],
            [-56.223140468289905, -34.7655476850776],
            [-56.22582474611542, -34.7666710570752],
            [-56.226686822378134, -34.7676525466547],
            [-56.22772550168793, -34.767696418246054],
            [-56.22562430113373, -34.7767915222588]
          ]
        ]
      },
      "properties": {
        "GID": 2,
        "NROBARRIO": 58,
        "BARRIO": "COLON SURESTE ABAYUBA",
        "CODBA": "CY"
      }
    },
    {
      "type": "Feature",
      "geometry": {
        "type": "Polygon",
        "coordinates": [
          [
            [-56.12508564715951, -34.80150395554574],
            [-56.1261734833302, -34.802211044464116],
            [-56.129312967504895, -34.80721823785352],
            [-56.132375753520606, -34.81040630671615],
            [-56.136497705983665, -34.816507980172034],
            [-56.131839142343665, -34.81585102114511],
            [-56.130522454273354, -34.815200495298576],
            [-56.12982165675638, -34.81726154999869],
            [-56.12807579592242, -34.81986307047799],
            [-56.126870496111714, -34.82274839023427],
            [-56.12625743885047, -34.825602759574465],
            [-56.12350205045815, -34.830474086183784],
            [-56.11962613406839, -34.82804802756216],
            [-56.12155139862782, -34.8252852607587],
            [-56.118695190890286, -34.82397357021934],
            [-56.11766411699387, -34.82405590158669],
            [-56.1100157340266, -34.82014588625948],
            [-56.101825511312114, -34.816076911192056],
            [-56.088866908228844, -34.80972618929554],
            [-56.087427691053776, -34.80961573942268],
            [-56.0756926405885, -34.80357730482503],
            [-56.08018040470297, -34.79779643804872],
            [-56.06963650237318, -34.79203331630922],
            [-56.06950735494644, -34.79224155259503],
            [-56.06946560074594, -34.79243084223239],
            [-56.06948654891646, -34.792491076978656],
            [-56.06942039411596, -34.79292740255882],
            [-56.067098894385815, -34.79512471203203],
            [-56.063650316720526, -34.79718607537107],
            [-56.04646334763734, -34.807171826413644],
            [-56.04477540725198, -34.80578789019175],
            [-56.04222955615229, -34.80589492271672],
            [-56.04046837297322, -34.80565797457055],
            [-56.040147118207784, -34.804259941747866],
            [-56.041654184788804, -34.80300302856438],
            [-56.03991772219749, -34.801390581291976],
            [-56.04118017285435, -34.8004446840377],
            [-56.04189530063606, -34.79894946972687],
            [-56.04053482106826, -34.79747008744831],
            [-56.03819025510735, -34.797295457105065],
            [-56.038184531012675, -34.79630451401717],
            [-56.04070042805281, -34.79517734975242],
            [-56.04153823202962, -34.79359277585399],
            [-56.04304509023008, -34.792382073857496],
            [-56.042183516306714, -34.79117445265613],
            [-56.039498056093564, -34.790949374046],
            [-56.03998844700834, -34.78974431247152],
            [-56.038887194878164, -34.789007358068964],
            [-56.03879194629701, -34.78804860540804],
            [-56.03729200267654, -34.786965973195],
            [-56.0371479012237, -34.784384262105284],
            [-56.035020188846424, -34.78371878764185],
            [-56.03355041966301, -34.7844406515024],
            [-56.03238569636489, -34.783526604892884],
            [-56.032792145563654, -34.78198954549176],
            [-56.03159416942812, -34.7821908035274],
            [-56.02945745770185, -34.781398104030856],
            [-56.029040212482556, -34.77950616059112],
            [-56.029519313042506, -34.7769890152394],
            [-56.03174508325037, -34.77467169721041],
            [-56.033290408506666, -34.77419710530639],
            [-56.033886529418275, -34.77279536477724],
            [-56.03375491940744, -34.77188066481853],
            [-56.035184056598276, -34.768671235024954],
            [-56.03689283773926, -34.76787359862547],
            [-56.036988289127244, -34.7661742409558],
            [-56.03805703383765, -34.76596113694993],
            [-56.03812435000308, -34.76456206480441],
            [-56.038721316877954, -34.763899074927444],
            [-56.04078441890979, -34.763360505068825],
            [-56.04441637031775, -34.76292534023033],
            [-56.04557909512917, -34.76220936344541],
            [-56.045669352171984, -34.760805648408564],
            [-56.046493033866774, -34.76035329011925],
            [-56.048511223577876, -34.76132172560737],
            [-56.04990863081007, -34.761518127974455],
            [-56.05191412046485, -34.761071120963216],
            [-56.052596771166534, -34.76051887910651],
            [-56.05471694902132, -34.760046338453684],
            [-56.05529404072594, -34.76210853890391],
            [-56.05670229801037, -34.763341538786875],
            [-56.056508771238875, -34.76508533215544],
            [-56.05845710903377, -34.76715766827581],
            [-56.058723639081826, -34.76887972736087],
            [-56.05956357697169, -34.76959445297112],
            [-56.063016044324044, -34.76901394359249],
            [-56.06458770121383, -34.76803963105705],
            [-56.065003541800266, -34.7664998847233],
            [-56.066366011311835, -34.76601048130513],
            [-56.067778735531846, -34.767675276736014],
            [-56.0691217825786, -34.76835436624713],
            [-56.06902561445943, -34.76942928210626],
            [-56.06978282120062, -34.77064951490418],
            [-56.06984978348737, -34.772176756797094],
            [-56.07180268315856, -34.77278540902112],
            [-56.073551588078516, -34.772054624364834],
            [-56.07562916814384, -34.77195407358617],
            [-56.07661002898968, -34.774321692652364],
            [-56.07844958153375, -34.77540888606345],
            [-56.08288158781185, -34.77674660503427],
            [-56.08266568208828, -34.77839185413881],
            [-56.08513309599642, -34.77807564415589],
            [-56.08686109647528, -34.77900234413812],
            [-56.08802258481017, -34.77918454357539],
            [-56.08823765878203, -34.7799746098398],
            [-56.10707323102883, -34.78958249400951],
            [-56.1087939651221, -34.78942553306072],
            [-56.111000797945096, -34.79066120739201],
            [-56.11749631849426, -34.79382128935893],
            [-56.11786614387689, -34.794173941936755],
            [-56.12010626583178, -34.79892830054786],
            [-56.1206842170823, -34.79938670349151],
            [-56.12508564715951, -34.80150395554574]
          ]
        ]
      },
      "properties": {
        "GID": 3,
        "NROBARRIO": 61,
        "BARRIO": "VILLA GARCIA MANGA RURAL",
        "CODBA": "VG"
      }
    },
    {
      "type": "Feature",
      "geometry": {
        "type": "Polygon",
        "coordinates": [
          [
            [-56.09787506465006, -34.82758399427601],
            [-56.098749371534765, -34.827062426703634],
            [-56.1046834111558, -34.83036052004849],
            [-56.103010315679384, -34.831591882660014],
            [-56.10308960990678, -34.83270533689689],
            [-56.1052645849304, -34.83317448218045],
            [-56.10674474828853, -34.83552080890785],
            [-56.11177448295304, -34.834055398183196],
            [-56.119168268749334, -34.83848835267949],
            [-56.12417830588705, -34.84147456274449],
            [-56.12224748856468, -34.842227901350874],
            [-56.12194850498239, -34.84232019553187],
            [-56.111963733185945, -34.845329270716064],
            [-56.11249819352515, -34.846361071566136],
            [-56.11358050231365, -34.846050419199194],
            [-56.11521023415626, -34.8510040940344],
            [-56.11364770165159, -34.85154839807927],
            [-56.114067419418426, -34.85599780159512],
            [-56.11245110784617, -34.85597846619635],
            [-56.111417064588295, -34.8561008492282],
            [-56.110386079549585, -34.85822138284168],
            [-56.107750793798616, -34.85847950429485],
            [-56.10654835366946, -34.85905448582755],
            [-56.10271012753134, -34.857782711607676],
            [-56.099708386123126, -34.857784537549385],
            [-56.09934201050718, -34.858434310987505],
            [-56.09736749886766, -34.85888461988998],
            [-56.09675214151213, -34.85992700914348],
            [-56.095748162832585, -34.860306988798875],
            [-56.098663725308214, -34.866933077372934],
            [-56.09622490463944, -34.86765114954379],
            [-56.09516116121357, -34.86664784302363],
            [-56.09335363050539, -34.86716120516036],
            [-56.0923351882059, -34.86672857532719],
            [-56.094351243307464, -34.87228517756731],
            [-56.0877397483063, -34.871221804379466],
            [-56.080854095816385, -34.86994187323194],
            [-56.07125330444254, -34.870199055867594],
            [-56.06814214811705, -34.8696196198987],
            [-56.06071827351246, -34.86717913674936],
            [-56.059891937353434, -34.866658076975455],
            [-56.06080202392727, -34.865788261908385],
            [-56.05997512445663, -34.86384268826221],
            [-56.0567110705389, -34.86071359179376],
            [-56.056025586533686, -34.85946157417293],
            [-56.05621322611844, -34.856001381367626],
            [-56.05446090466318, -34.852406540959386],
            [-56.0542102101865, -34.85134679069999],
            [-56.054259760107925, -34.84566084941733],
            [-56.05484548860068, -34.832961405901564],
            [-56.05503164184812, -34.82651292529717],
            [-56.053929797258284, -34.82451457904143],
            [-56.05219851744876, -34.822131912767965],
            [-56.05185190354295, -34.82107270514211],
            [-56.05297588743362, -34.81674194140604],
            [-56.052712228816766, -34.81594948000441],
            [-56.0499093505641, -34.81224944865253],
            [-56.04944000251993, -34.81039089755871],
            [-56.047847662598635, -34.808293581173686],
            [-56.04646334763734, -34.807171826413644],
            [-56.063650316720526, -34.79718607537107],
            [-56.067098894385815, -34.79512471203203],
            [-56.06942039411596, -34.79292740255882],
            [-56.06948654891646, -34.792491076978656],
            [-56.06946560074594, -34.79243084223239],
            [-56.06950735494644, -34.79224155259503],
            [-56.06963650237318, -34.79203331630922],
            [-56.08018040470297, -34.79779643804872],
            [-56.0756926405885, -34.80357730482503],
            [-56.087427691053776, -34.80961573942268],
            [-56.08836033364202, -34.81120550555011],
            [-56.08812343813562, -34.81206231409487],
            [-56.08542276084954, -34.813286692481775],
            [-56.08394740444816, -34.81465311023476],
            [-56.0815494210801, -34.81562230340584],
            [-56.0803057730323, -34.817044423496235],
            [-56.081378459577536, -34.817826560197496],
            [-56.081187587806745, -34.81904382130351],
            [-56.07897894208496, -34.82022893249572],
            [-56.08043231829493, -34.821059921057795],
            [-56.09073912044326, -34.82521299623835],
            [-56.09393408149978, -34.826243100822985],
            [-56.09713078925032, -34.828097502557064],
            [-56.09787506465006, -34.82758399427601]
          ]
        ]
      },
      "properties": {
        "GID": 4,
        "NROBARRIO": 16,
        "BARRIO": "BAÑADOS DE CARRASCO",
        "CODBA": "BC"
      }
    },
    {
      "type": "Feature",
      "geometry": {
        "type": "Polygon",
        "coordinates": [
          [
            [-56.15581775685905, -34.82165959656583],
            [-56.15675936210498, -34.81889598506062],
            [-56.1500458097542, -34.81795753441094],
            [-56.14621885609625, -34.81756145014014],
            [-56.14505116705696, -34.8177249407639],
            [-56.136497705983665, -34.816507980172034],
            [-56.132375753520606, -34.81040630671615],
            [-56.129312967504895, -34.80721823785352],
            [-56.1261734833302, -34.802211044464116],
            [-56.12508564715951, -34.80150395554574],
            [-56.12743222401592, -34.7986500970712],
            [-56.12932058455845, -34.79873583462159],
            [-56.14393157315256, -34.800882174877536],
            [-56.14278297078892, -34.8060545290597],
            [-56.160466102072746, -34.808388183021286],
            [-56.16449743782868, -34.808874870248516],
            [-56.167687689789936, -34.81195373142938],
            [-56.16819476129969, -34.81646839308928],
            [-56.16861441105714, -34.81846298841984],
            [-56.168723067093836, -34.81897941475413],
            [-56.169067889927796, -34.82076573600572],
            [-56.168879437738184, -34.82375437732453],
            [-56.16274767593362, -34.82274305209314],
            [-56.15646692711197, -34.82186467668291],
            [-56.15581775685905, -34.82165959656583]
          ]
        ]
      },
      "properties": {
        "GID": 5,
        "NROBARRIO": 62,
        "BARRIO": "MANGA",
        "CODBA": "MG"
      }
    },
    {
      "type": "Feature",
      "geometry": {
        "type": "Polygon",
        "coordinates": [
          [
            [-56.20103381309415, -34.83879018340089],
            [-56.196199373797, -34.84169197262865],
            [-56.19853884073124, -34.84413566137946],
            [-56.19443847852886, -34.84674216238893],
            [-56.193839375410086, -34.847363971804235],
            [-56.191711921444615, -34.84642625673003],
            [-56.189163593415934, -34.84747352097389],
            [-56.18791393268182, -34.84681542537078],
            [-56.18607774037037, -34.84503143973065],
            [-56.18632846143797, -34.84353731655943],
            [-56.18563132871169, -34.842254509782514],
            [-56.18278737750202, -34.839770370515616],
            [-56.18328645447212, -34.838664026612406],
            [-56.18141540785882, -34.8378677292748],
            [-56.181416771478744, -34.83620718622356],
            [-56.18353921816215, -34.83341658037001],
            [-56.18210681485177, -34.82992495631678],
            [-56.18230105544328, -34.82827495870412],
            [-56.18347077744886, -34.82751472996801],
            [-56.18445047687159, -34.8272814129738],
            [-56.18549267102446, -34.82611479465222],
            [-56.185155132780686, -34.82510707494535],
            [-56.1854367767817, -34.82313283011009],
            [-56.187515193674486, -34.82213936442106],
            [-56.18784782751395, -34.819038245094426],
            [-56.18696649744259, -34.817219847300144],
            [-56.185827625539915, -34.81605043086881],
            [-56.18547986025095, -34.814377634831736],
            [-56.18547709340735, -34.814349186827016],
            [-56.18588043131487, -34.81301385816387],
            [-56.18392894165254, -34.8117425892046],
            [-56.18372142171253, -34.809922530553735],
            [-56.18556265836873, -34.80895777300358],
            [-56.1850878933119, -34.807643275083336],
            [-56.18345975801586, -34.80657638486074],
            [-56.1828599403412, -34.80537286417432],
            [-56.18438117071197, -34.80475873411839],
            [-56.190222680619804, -34.80223113723864],
            [-56.19462903079571, -34.80236948191984],
            [-56.19971708650292, -34.80627444914475],
            [-56.20090782726508, -34.807587006063976],
            [-56.192423522942185, -34.81149888351932],
            [-56.19624683680634, -34.81655282329878],
            [-56.20921627547781, -34.80915024559994],
            [-56.21055074896195, -34.81334550558979],
            [-56.21299635496155, -34.81707115728357],
            [-56.21984746485546, -34.81283418960225],
            [-56.22078895713927, -34.812247382872954],
            [-56.220145444149985, -34.81963618757893],
            [-56.21934724402999, -34.82011640947163],
            [-56.21895752458403, -34.82428191629304],
            [-56.214735528564546, -34.82676038760103],
            [-56.21584766545534, -34.82704093895519],
            [-56.217947179567034, -34.82876575807775],
            [-56.21405109099559, -34.83100952084484],
            [-56.21020055976507, -34.82941067775682],
            [-56.2075381216776, -34.83090595224149],
            [-56.20086964637679, -34.83496500379413],
            [-56.20103381309415, -34.83879018340089]
          ]
        ]
      },
      "properties": {
        "GID": 6,
        "NROBARRIO": 34,
        "BARRIO": "PEÃ‘AROL LAVALLEJA",
        "CODBA": "PJ"
      }
    },
    {
      "type": "Feature",
      "geometry": {
        "type": "Polygon",
        "coordinates": [
          [
            [-56.119168268749334, -34.83848835267949],
            [-56.11177448295304, -34.834055398183196],
            [-56.10674474828853, -34.83552080890785],
            [-56.1052645849304, -34.83317448218045],
            [-56.10308960990678, -34.83270533689689],
            [-56.103010315679384, -34.831591882660014],
            [-56.1046834111558, -34.83036052004849],
            [-56.098749371534765, -34.827062426703634],
            [-56.09787506465006, -34.82758399427601],
            [-56.09713078925032, -34.828097502557064],
            [-56.09393408149978, -34.826243100822985],
            [-56.09073912044326, -34.82521299623835],
            [-56.08043231829493, -34.821059921057795],
            [-56.07897894208496, -34.82022893249572],
            [-56.081187587806745, -34.81904382130351],
            [-56.081378459577536, -34.817826560197496],
            [-56.0803057730323, -34.817044423496235],
            [-56.0815494210801, -34.81562230340584],
            [-56.08394740444816, -34.81465311023476],
            [-56.08542276084954, -34.813286692481775],
            [-56.08812343813562, -34.81206231409487],
            [-56.08836033364202, -34.81120550555011],
            [-56.087427691053776, -34.80961573942268],
            [-56.088866908228844, -34.80972618929554],
            [-56.101825511312114, -34.816076911192056],
            [-56.1100157340266, -34.82014588625948],
            [-56.11766411699387, -34.82405590158669],
            [-56.118695190890286, -34.82397357021934],
            [-56.12155139862782, -34.8252852607587],
            [-56.11962613406839, -34.82804802756216],
            [-56.12350205045815, -34.830474086183784],
            [-56.12329584411226, -34.8336564940997],
            [-56.119168268749334, -34.83848835267949]
          ]
        ]
      },
      "properties": {
        "GID": 7,
        "NROBARRIO": 20,
        "BARRIO": "PUNTA RIELES BELLA ITALIA",
        "CODBA": "PT"
      }
    },
    {
      "type": "Feature",
      "geometry": {
        "type": "Polygon",
        "coordinates": [
          [
            [-56.15581775685905, -34.82165959656583],
            [-56.15646692711197, -34.82186467668291],
            [-56.16274767593362, -34.82274305209314],
            [-56.168879437738184, -34.82375437732453],
            [-56.169067889927796, -34.82076573600572],
            [-56.168723067093836, -34.81897941475413],
            [-56.16861441105714, -34.81846298841984],
            [-56.16819476129969, -34.81646839308928],
            [-56.167687689789936, -34.81195373142938],
            [-56.17352663509884, -34.817791199368116],
            [-56.18347077744886, -34.82751472996801],
            [-56.18230105544328, -34.82827495870412],
            [-56.18210681485177, -34.82992495631678],
            [-56.18353921816215, -34.83341658037001],
            [-56.181416771478744, -34.83620718622356],
            [-56.18141540785882, -34.8378677292748],
            [-56.18328645447212, -34.838664026612406],
            [-56.18278737750202, -34.839770370515616],
            [-56.18563132871169, -34.842254509782514],
            [-56.176039149949524, -34.84792751521866],
            [-56.175156738436144, -34.84671698306152],
            [-56.16997442411735, -34.838223366019115],
            [-56.17043918380582, -34.83573877798678],
            [-56.16835528683439, -34.835523178648145],
            [-56.16829179467561, -34.83848024516492],
            [-56.16801439327928, -34.838746896016936],
            [-56.163323698337805, -34.838128213929615],
            [-56.16240774959034, -34.83723788091067],
            [-56.162461833015165, -34.83490355724206],
            [-56.151737265414496, -34.83379534237396],
            [-56.15419223150335, -34.83142746119701],
            [-56.15461224723446, -34.82866644432766],
            [-56.14820278259125, -34.82802626044405],
            [-56.148788558023966, -34.824752725531624],
            [-56.147525373233904, -34.8246657340012],
            [-56.14795447501404, -34.823120155309596],
            [-56.155315063910095, -34.82367709079924],
            [-56.15581775685905, -34.82165959656583]
          ]
        ]
      },
      "properties": {
        "GID": 8,
        "NROBARRIO": 30,
        "BARRIO": "CASAVALLE",
        "CODBA": "CV"
      }
    },
    {
      "type": "Feature",
      "geometry": {
        "type": "Polygon",
        "coordinates": [
          [
            [-56.15581775685905, -34.82165959656583],
            [-56.155315063910095, -34.82367709079924],
            [-56.14795447501404, -34.823120155309596],
            [-56.147525373233904, -34.8246657340012],
            [-56.148788558023966, -34.824752725531624],
            [-56.14820278259125, -34.82802626044405],
            [-56.15461224723446, -34.82866644432766],
            [-56.15419223150335, -34.83142746119701],
            [-56.151737265414496, -34.83379534237396],
            [-56.14460014795369, -34.83303354282775],
            [-56.14111510761925, -34.828754333051286],
            [-56.14071305327948, -34.82992412922358],
            [-56.13382105890158, -34.82922301097224],
            [-56.132150533428586, -34.828900870497854],
            [-56.12634763201825, -34.82826501958563],
            [-56.1270644211174, -34.82708032941112],
            [-56.12828485087835, -34.82729736876655],
            [-56.128507284844204, -34.825831248517076],
            [-56.12625743885047, -34.825602759574465],
            [-56.126870496111714, -34.82274839023427],
            [-56.12807579592242, -34.81986307047799],
            [-56.12982165675638, -34.81726154999869],
            [-56.130522454273354, -34.815200495298576],
            [-56.131839142343665, -34.81585102114511],
            [-56.136497705983665, -34.816507980172034],
            [-56.14505116705696, -34.8177249407639],
            [-56.14621885609625, -34.81756145014014],
            [-56.1500458097542, -34.81795753441094],
            [-56.15675936210498, -34.81889598506062],
            [-56.15581775685905, -34.82165959656583]
          ]
        ]
      },
      "properties": {
        "GID": 9,
        "NROBARRIO": 31,
        "BARRIO": "PIEDRAS BLANCAS",
        "CODBA": "PI"
      }
    },
    {
      "type": "Feature",
      "geometry": {
        "type": "Polygon",
        "coordinates": [
          [
            [-56.22059386656108, -34.82715955040424],
            [-56.22053670605565, -34.827216664308466],
            [-56.220085873736956, -34.82749639075491],
            [-56.22138571458216, -34.83353205565389],
            [-56.22170727937556, -34.83844649861346],
            [-56.21119173427246, -34.84470885408464],
            [-56.210116252456295, -34.843281996845725],
            [-56.20587825730973, -34.83991130986829],
            [-56.201247190083905, -34.84267178851671],
            [-56.20103381309415, -34.83879018340089],
            [-56.20086964637679, -34.83496500379413],
            [-56.2075381216776, -34.83090595224149],
            [-56.21020055976507, -34.82941067775682],
            [-56.21405109099559, -34.83100952084484],
            [-56.217947179567034, -34.82876575807775],
            [-56.21584766545534, -34.82704093895519],
            [-56.214735528564546, -34.82676038760103],
            [-56.21895752458403, -34.82428191629304],
            [-56.21934724402999, -34.82011640947163],
            [-56.220145444149985, -34.81963618757893],
            [-56.22125571118961, -34.818974859071304],
            [-56.223589451425845, -34.82154560487073],
            [-56.22114115544361, -34.822999948246185],
            [-56.22245492298716, -34.823906282332516],
            [-56.22343054004361, -34.825489295649135],
            [-56.22059386656108, -34.82715955040424]
          ]
        ]
      },
      "properties": {
        "GID": 10,
        "NROBARRIO": 52,
        "BARRIO": "SAYAGO",
        "CODBA": "SA"
      }
    },
    {
      "type": "Feature",
      "geometry": {
        "type": "Polygon",
        "coordinates": [
          [
            [-56.1498369151565, -34.83940336856532],
            [-56.14604956545539, -34.84009680553317],
            [-56.1397103428227, -34.84445707757039],
            [-56.140166568109755, -34.84496075066084],
            [-56.137514120174465, -34.846882631824144],
            [-56.135156951188755, -34.84603646543449],
            [-56.1337392404153, -34.84826624719167],
            [-56.12578756248853, -34.84577905268014],
            [-56.12487302550637, -34.84263056350986],
            [-56.124691739768416, -34.84197294404083],
            [-56.12417830588705, -34.84147456274449],
            [-56.119168268749334, -34.83848835267949],
            [-56.12329584411226, -34.8336564940997],
            [-56.12350205045815, -34.830474086183784],
            [-56.12625743885047, -34.825602759574465],
            [-56.128507284844204, -34.825831248517076],
            [-56.12828485087835, -34.82729736876655],
            [-56.1270644211174, -34.82708032941112],
            [-56.12634763201825, -34.82826501958563],
            [-56.132150533428586, -34.828900870497854],
            [-56.13382105890158, -34.82922301097224],
            [-56.14071305327948, -34.82992412922358],
            [-56.14111510761925, -34.828754333051286],
            [-56.14460014795369, -34.83303354282775],
            [-56.1498369151565, -34.83940336856532]
          ]
        ]
      },
      "properties": {
        "GID": 11,
        "NROBARRIO": 21,
        "BARRIO": "JARDINES DEL HIPODROMO",
        "CODBA": "JH"
      }
    },
    {
      "type": "Feature",
      "geometry": {
        "type": "Polygon",
        "coordinates": [
          [
            [-56.290415823654996, -34.85134051278193],
            [-56.29077888972327, -34.851974254298035],
            [-56.30080855862914, -34.85795361641434],
            [-56.317096331984075, -34.84954008567449],
            [-56.3395910798998, -34.838106679461795],
            [-56.355623174791674, -34.829837771356104],
            [-56.357952789590755, -34.833005351428355],
            [-56.35892335667651, -34.83432629299049],
            [-56.36556303416954, -34.84335245788978],
            [-56.36101454155984, -34.84571995859913],
            [-56.34866439925248, -34.85189310264487],
            [-56.34968483197595, -34.8521853934916],
            [-56.35139600794167, -34.85351232104373],
            [-56.35285251879488, -34.85570562015391],
            [-56.35250692741231, -34.85646422647671],
            [-56.353041136511465, -34.85764731363929],
            [-56.35232644796566, -34.85985938238149],
            [-56.352667503802635, -34.86118229802711],
            [-56.35249980365055, -34.864365111365366],
            [-56.353705532000916, -34.866090491263904],
            [-56.354306508983264, -34.867557225684195],
            [-56.35566693023808, -34.86792108199706],
            [-56.35600499841645, -34.869587217273015],
            [-56.354464257119666, -34.86963875621873],
            [-56.35409427949855, -34.86888765287378],
            [-56.35275251119791, -34.86838474344602],
            [-56.35168741172833, -34.86658567007624],
            [-56.350650930282555, -34.86793755371975],
            [-56.348586745729754, -34.86828865145652],
            [-56.34863781206597, -34.869374605677564],
            [-56.34730729921977, -34.86982629695968],
            [-56.34670638931516, -34.87065805175022],
            [-56.344280180613865, -34.87076715482454],
            [-56.34279008957914, -34.86999812390854],
            [-56.34076371119061, -34.87039851039811],
            [-56.33906462159328, -34.87191975410911],
            [-56.33903029722466, -34.87286634479014],
            [-56.33790998439074, -34.87379407192118],
            [-56.33601049607395, -34.87432385585184],
            [-56.334988010221885, -34.87521914434856],
            [-56.33511822609598, -34.876143649643545],
            [-56.33433477302129, -34.87778166121995],
            [-56.33527424999826, -34.878748410196415],
            [-56.33341814956314, -34.880199241552745],
            [-56.33232158262146, -34.88173657791954],
            [-56.33299230688618, -34.882748035085065],
            [-56.33245073064044, -34.883655416386404],
            [-56.33388346954056, -34.88483046686918],
            [-56.3339899181123, -34.88665605617246],
            [-56.33164502997627, -34.88794300481638],
            [-56.331595956478196, -34.88951428889444],
            [-56.33267744756416, -34.890161481835094],
            [-56.332294703506584, -34.8910047417258],
            [-56.328965826719624, -34.890927321798365],
            [-56.32728786802005, -34.89128776602201],
            [-56.32479634307686, -34.89256822221937],
            [-56.324416520525986, -34.89368820732438],
            [-56.3215961993475, -34.89436182139106],
            [-56.320073198015194, -34.89542481912322],
            [-56.31938903020914, -34.89671952667431],
            [-56.3166134331491, -34.898274275758034],
            [-56.315633991150804, -34.90049191950627],
            [-56.31474958109811, -34.90126730145021],
            [-56.31563134562348, -34.90307657087722],
            [-56.31560911379806, -34.90492683052763],
            [-56.31371340867083, -34.90475755750953],
            [-56.313008076899614, -34.90541007592544],
            [-56.31096697453377, -34.90546190262249],
            [-56.31120228035234, -34.903975475083065],
            [-56.30982368085626, -34.90376107873633],
            [-56.3087309567148, -34.90298281853332],
            [-56.30865816462646, -34.901997518836396],
            [-56.31141477118525, -34.900580145206625],
            [-56.309973058329525, -34.89932841278939],
            [-56.30967532607821, -34.897385294453834],
            [-56.30625471401753, -34.89739561266155],
            [-56.305855601518324, -34.896211812145324],
            [-56.30490536479026, -34.89539065198533],
            [-56.302012259408436, -34.893828664761884],
            [-56.299668570857094, -34.8932864390388],
            [-56.29799500592866, -34.89355932329556],
            [-56.29692691012585, -34.89312689729142],
            [-56.29542070586206, -34.893387676578435],
            [-56.294575588297114, -34.89437260885222],
            [-56.29314563333135, -34.895120050033505],
            [-56.29252479314592, -34.896013790854006],
            [-56.28984582486675, -34.89475268630343],
            [-56.28899594656275, -34.89583745407928],
            [-56.28791502910596, -34.89623805567979],
            [-56.28774816304886, -34.89730151413254],
            [-56.288868087796104, -34.897670098089925],
            [-56.28984573024432, -34.8992402474474],
            [-56.28771074995306, -34.89989943274915],
            [-56.285052168760735, -34.89926630301038],
            [-56.285909802573194, -34.89687723691262],
            [-56.283492825231065, -34.89588890323233],
            [-56.282781474334875, -34.89477008404295],
            [-56.28054403153528, -34.89493945261872],
            [-56.280240157717735, -34.89602775011218],
            [-56.278221783384375, -34.89608819339198],
            [-56.27720449548678, -34.897116524667815],
            [-56.277069925984684, -34.89831823631593],
            [-56.278365222061865, -34.899622444801686],
            [-56.27754595039267, -34.900885541115656],
            [-56.27609617962546, -34.90190338476559],
            [-56.27467368606968, -34.902062505186564],
            [-56.274497091313634, -34.90082644312768],
            [-56.273454053816565, -34.90019831240688],
            [-56.27295633857253, -34.8987412202093],
            [-56.27222357268988, -34.89822247196694],
            [-56.26985857636674, -34.89856613153796],
            [-56.268793968537786, -34.89967074964667],
            [-56.269254588207694, -34.90090722673952],
            [-56.26577240604157, -34.90239631462282],
            [-56.2633508073982, -34.90234405177675],
            [-56.26017903654943, -34.90369828941908],
            [-56.26055973193164, -34.90593084608125],
            [-56.2588182342243, -34.906258153016765],
            [-56.2563514150389, -34.904790049516826],
            [-56.25717712197103, -34.9024529690864],
            [-56.2582028057519, -34.90113729400904],
            [-56.258455980483525, -34.89971693925967],
            [-56.25522541690294, -34.899229896982256],
            [-56.25422532112795, -34.897135912060655],
            [-56.253264151553516, -34.896727077634004],
            [-56.254244807203705, -34.892834273870896],
            [-56.25501295031367, -34.89299467152034],
            [-56.25520695636442, -34.893092172327584],
            [-56.255457854357516, -34.894092017709504],
            [-56.25707917008156, -34.894700408459414],
            [-56.25945893356917, -34.894887239862804],
            [-56.26075692297553, -34.89431943869989],
            [-56.261237770961145, -34.891848001616516],
            [-56.26309483510573, -34.890680424002475],
            [-56.26368584488711, -34.88926366014832],
            [-56.26585391880834, -34.88985646822277],
            [-56.26509425835669, -34.889199279125116],
            [-56.264187256703714, -34.886868912507246],
            [-56.26626200716933, -34.87616727508187],
            [-56.267067210685745, -34.87239403537474],
            [-56.267082878766175, -34.87231736333301],
            [-56.28236665639895, -34.87440497593992],
            [-56.285777613452666, -34.87482442212077],
            [-56.28697019516425, -34.86909178815467],
            [-56.29032985213715, -34.85200471995658],
            [-56.29021395558988, -34.85190478846713],
            [-56.290415823654996, -34.85134051278193]
          ]
        ]
      },
      "properties": {
        "GID": 12,
        "NROBARRIO": 36,
        "BARRIO": "CASABO PAJAS BLANCAS",
        "CODBA": "CA"
      }
    },
    {
      "type": "Feature",
      "geometry": {
        "type": "Polygon",
        "coordinates": [
          [
            [-56.151737265414496, -34.83379534237396],
            [-56.162461833015165, -34.83490355724206],
            [-56.16240774959034, -34.83723788091067],
            [-56.163323698337805, -34.838128213929615],
            [-56.16801439327928, -34.838746896016936],
            [-56.16829179467561, -34.83848024516492],
            [-56.16835528683439, -34.835523178648145],
            [-56.17043918380582, -34.83573877798678],
            [-56.16997442411735, -34.838223366019115],
            [-56.175156738436144, -34.84671698306152],
            [-56.169980784064, -34.848174744866625],
            [-56.16103186220929, -34.85013144065137],
            [-56.16063659669408, -34.85021850221792],
            [-56.15897782217093, -34.85057007264063],
            [-56.155639422743015, -34.84648001082051],
            [-56.1498369151565, -34.83940336856532],
            [-56.14460014795369, -34.83303354282775],
            [-56.151737265414496, -34.83379534237396]
          ]
        ]
      },
      "properties": {
        "GID": 13,
        "NROBARRIO": 28,
        "BARRIO": "LAS ACACIAS",
        "CODBA": "LA"
      }
    },
    {
      "type": "Feature",
      "geometry": {
        "type": "Polygon",
        "coordinates": [
          [
            [-56.267082057277676, -34.87232138330598],
            [-56.26292112879318, -34.87406563356721],
            [-56.26261107955366, -34.87368215965135],
            [-56.24767570999252, -34.87171622080842],
            [-56.24732237361886, -34.87159729790315],
            [-56.24835237229792, -34.870722449962024],
            [-56.24712958834361, -34.869762020477296],
            [-56.24525402773567, -34.86893893849284],
            [-56.2433859042966, -34.8662120988585],
            [-56.24360431026748, -34.86385556019785],
            [-56.24316721484619, -34.86329435910542],
            [-56.24386609861176, -34.862136430265195],
            [-56.24793319611805, -34.861590727165485],
            [-56.246598634517134, -34.858682183821884],
            [-56.24855042777354, -34.85827765352859],
            [-56.24961403630368, -34.85685939876495],
            [-56.24826331303446, -34.855743218122036],
            [-56.24899284927496, -34.854439197271766],
            [-56.25041764407811, -34.854240204646175],
            [-56.251819833889954, -34.85549095302246],
            [-56.252729983277284, -34.854829888761365],
            [-56.25407892562805, -34.85449487098413],
            [-56.255581140358636, -34.85473361411007],
            [-56.25621715503435, -34.853147806268346],
            [-56.25764970717148, -34.8527684606301],
            [-56.25814891129049, -34.850419252416636],
            [-56.25917292606779, -34.84720637545374],
            [-56.26066449530823, -34.846733301477364],
            [-56.262016652650374, -34.844575508648354],
            [-56.264156776366946, -34.84351817001843],
            [-56.2654787648169, -34.84340860351217],
            [-56.26580170469859, -34.8418109228807],
            [-56.265731488486296, -34.83919603098068],
            [-56.26520747150986, -34.838133122134884],
            [-56.27030277268121, -34.83696521048941],
            [-56.272395018372535, -34.83622523553209],
            [-56.27997720870215, -34.84280554583324],
            [-56.28977908976374, -34.851135278069734],
            [-56.28996427261996, -34.85117449858307],
            [-56.290415823654996, -34.85134051278193],
            [-56.29021395558988, -34.85190478846713],
            [-56.29032985213715, -34.85200471995658],
            [-56.28697019516425, -34.86909178815467],
            [-56.285777613452666, -34.87482442212077],
            [-56.28236665639895, -34.87440497593992],
            [-56.267082878766175, -34.87231736333301],
            [-56.267082057277676, -34.87232138330598]
          ]
        ]
      },
      "properties": {
        "GID": 14,
        "NROBARRIO": 37,
        "BARRIO": "LA PALOMA TOMKINSON",
        "CODBA": "LP"
      }
    },
    {
      "type": "Feature",
      "geometry": {
        "type": "Polygon",
        "coordinates": [
          [
            [-56.22179112365368, -34.83839141948611],
            [-56.221798961161916, -34.84166312740774],
            [-56.22396297072598, -34.84050526285172],
            [-56.224696722473865, -34.84144492746082],
            [-56.227189461376454, -34.840039956214525],
            [-56.228641337302406, -34.842246620354025],
            [-56.231904166203734, -34.84037503235521],
            [-56.23138544829493, -34.842486488500604],
            [-56.23348888014794, -34.84549142767792],
            [-56.23072164900926, -34.8470271522798],
            [-56.23220048902499, -34.84878561991051],
            [-56.23389587004304, -34.849275969462994],
            [-56.23452227309513, -34.85088745054506],
            [-56.235367862520576, -34.85042953438597],
            [-56.23763607771648, -34.85297286116969],
            [-56.23819048690748, -34.85269502256173],
            [-56.233912538639466, -34.85644196848546],
            [-56.233158663179935, -34.85541679477715],
            [-56.22898485063797, -34.85782324751311],
            [-56.22703654699311, -34.85871941422755],
            [-56.22420280441435, -34.85642759107068],
            [-56.221853672907095, -34.85781853508278],
            [-56.22023601864139, -34.85851310495692],
            [-56.21741045475911, -34.854997363465685],
            [-56.2181936886929, -34.854548772115635],
            [-56.21674745283205, -34.852628735236806],
            [-56.21581755132282, -34.853118142644824],
            [-56.21360978465626, -34.85045692851379],
            [-56.21269179455861, -34.850950969970285],
            [-56.21310133243444, -34.84746584927102],
            [-56.21119173427246, -34.84470885408464],
            [-56.22170727937556, -34.83844649861346],
            [-56.22179112365368, -34.83839141948611]
          ]
        ]
      },
      "properties": {
        "GID": 15,
        "NROBARRIO": 54,
        "BARRIO": "BELVEDERE",
        "CODBA": "BE"
      }
    },
    {
      "type": "Feature",
      "geometry": {
        "type": "Polygon",
        "coordinates": [
          [
            [-56.21119173427246, -34.84470885408464],
            [-56.21310133243444, -34.84746584927102],
            [-56.21269179455861, -34.850950969970285],
            [-56.208510188922794, -34.85318732046919],
            [-56.20325655368224, -34.85620269262858],
            [-56.20306621136198, -34.856387288508515],
            [-56.20212839174141, -34.855187469841745],
            [-56.20052293960199, -34.85445754339999],
            [-56.20008898118781, -34.85363261458554],
            [-56.1991644694799, -34.85222804620205],
            [-56.196182692421765, -34.85143503940133],
            [-56.1952372753163, -34.8503400148851],
            [-56.19489097171867, -34.84893033454356],
            [-56.193839375410086, -34.847363971804235],
            [-56.19443847852886, -34.84674216238893],
            [-56.19853884073124, -34.84413566137946],
            [-56.196199373797, -34.84169197262865],
            [-56.20103381309415, -34.83879018340089],
            [-56.201247190083905, -34.84267178851671],
            [-56.20587825730973, -34.83991130986829],
            [-56.210116252456295, -34.843281996845725],
            [-56.21119173427246, -34.84470885408464]
          ]
        ]
      },
      "properties": {
        "GID": 16,
        "NROBARRIO": 33,
        "BARRIO": "PASO DE LAS DURANAS",
        "CODBA": "PD"
      }
    },
    {
      "type": "Feature",
      "geometry": {
        "type": "Polygon",
        "coordinates": [
          [
            [-56.14655722726958, -34.85206156606647],
            [-56.144446268594166, -34.85340535575988],
            [-56.14362535189307, -34.85857603908029],
            [-56.14297840824768, -34.85943070652085],
            [-56.14182267887512, -34.857887215503006],
            [-56.14237477903521, -34.85598959932743],
            [-56.14112403856844, -34.85527487992134],
            [-56.13850408072246, -34.85671445568075],
            [-56.13809228501554, -34.85545800603084],
            [-56.1387459521284, -34.85362209086905],
            [-56.13820302546055, -34.85334847642575],
            [-56.1337392404153, -34.84826624719167],
            [-56.135156951188755, -34.84603646543449],
            [-56.137514120174465, -34.846882631824144],
            [-56.140166568109755, -34.84496075066084],
            [-56.1397103428227, -34.84445707757039],
            [-56.14604956545539, -34.84009680553317],
            [-56.1498369151565, -34.83940336856532],
            [-56.155639422743015, -34.84648001082051],
            [-56.14830270674555, -34.85100634135163],
            [-56.14806890688145, -34.85112485964966],
            [-56.14655722726958, -34.85206156606647]
          ]
        ]
      },
      "properties": {
        "GID": 17,
        "NROBARRIO": 22,
        "BARRIO": "ITUZAINGO",
        "CODBA": "IT"
      }
    },
    {
      "type": "Feature",
      "geometry": {
        "type": "Polygon",
        "coordinates": [
          [
            [-56.11901309538913, -34.857589161789086],
            [-56.11487458105136, -34.857138832876274],
            [-56.11352504190054, -34.857306975220915],
            [-56.11245110784617, -34.85597846619635],
            [-56.114067419418426, -34.85599780159512],
            [-56.11364770165159, -34.85154839807927],
            [-56.11521023415626, -34.8510040940344],
            [-56.11358050231365, -34.846050419199194],
            [-56.11249819352515, -34.846361071566136],
            [-56.111963733185945, -34.845329270716064],
            [-56.12194850498239, -34.84232019553187],
            [-56.12224748856468, -34.842227901350874],
            [-56.12417830588705, -34.84147456274449],
            [-56.124691739768416, -34.84197294404083],
            [-56.12487302550637, -34.84263056350986],
            [-56.12578756248853, -34.84577905268014],
            [-56.1337392404153, -34.84826624719167],
            [-56.13820302546055, -34.85334847642575],
            [-56.1387459521284, -34.85362209086905],
            [-56.13809228501554, -34.85545800603084],
            [-56.13850408072246, -34.85671445568075],
            [-56.13679638335255, -34.857651512278174],
            [-56.13795962660019, -34.85909544861977],
            [-56.13494439823642, -34.86052237785702],
            [-56.133820985530406, -34.86178738525374],
            [-56.1335510670397, -34.8577029462707],
            [-56.13102352947739, -34.85447832578466],
            [-56.12574706827129, -34.856527177429896],
            [-56.12349143164842, -34.85528504182875],
            [-56.122775412086845, -34.854340690959084],
            [-56.11892464310535, -34.854750084270805],
            [-56.119347380466124, -34.85696489738892],
            [-56.11901309538913, -34.857589161789086]
          ]
        ]
      },
      "properties": {
        "GID": 18,
        "NROBARRIO": 18,
        "BARRIO": "FLOR DE MAROÃ‘AS",
        "CODBA": "FL"
      }
    },
    {
      "type": "Feature",
      "geometry": {
        "type": "Polygon",
        "coordinates": [
          [
            [-56.186290909163006, -34.86105807623998],
            [-56.18521734050277, -34.859457671565046],
            [-56.18346988865715, -34.85533102554375],
            [-56.18293012320296, -34.85461592174642],
            [-56.17963547240055, -34.85086172727889],
            [-56.176039149949524, -34.84792751521866],
            [-56.18563132871169, -34.842254509782514],
            [-56.18632846143797, -34.84353731655943],
            [-56.18607774037037, -34.84503143973065],
            [-56.18791393268182, -34.84681542537078],
            [-56.189163593415934, -34.84747352097389],
            [-56.191711921444615, -34.84642625673003],
            [-56.193839375410086, -34.847363971804235],
            [-56.19489097171867, -34.84893033454356],
            [-56.1952372753163, -34.8503400148851],
            [-56.196182692421765, -34.85143503940133],
            [-56.1991644694799, -34.85222804620205],
            [-56.20008898118781, -34.85363261458554],
            [-56.19699400797496, -34.8543641602399],
            [-56.196212060978226, -34.857327610887836],
            [-56.194674616777995, -34.85775420238103],
            [-56.19405289440771, -34.85790509402442],
            [-56.19004788047089, -34.85907583016869],
            [-56.186290909163006, -34.86105807623998]
          ]
        ]
      },
      "properties": {
        "GID": 19,
        "NROBARRIO": 29,
        "BARRIO": "AIRES PUROS",
        "CODBA": "AI"
      }
    },
    {
      "type": "Feature",
      "geometry": {
        "type": "Polygon",
        "coordinates": [
          [
            [-56.16063659669408, -34.85021850221792],
            [-56.16167459086177, -34.853885266375784],
            [-56.16486017490146, -34.85768000363857],
            [-56.16862274900415, -34.86273012540341],
            [-56.168513602400864, -34.86343923548853],
            [-56.16389758748162, -34.86695133458612],
            [-56.15997335779553, -34.86501835819781],
            [-56.15604897701298, -34.86194419787621],
            [-56.15654278876506, -34.86133070377637],
            [-56.154075274518966, -34.857220509999244],
            [-56.153275121859764, -34.85754770707651],
            [-56.15313311195496, -34.8564889310386],
            [-56.15023094981875, -34.857657185432586],
            [-56.14830270674555, -34.85100634135163],
            [-56.155639422743015, -34.84648001082051],
            [-56.15897782217093, -34.85057007264063],
            [-56.16063659669408, -34.85021850221792]
          ]
        ]
      },
      "properties": {
        "GID": 20,
        "NROBARRIO": 26,
        "BARRIO": "CASTRO CASTELLANOS",
        "CODBA": "CC"
      }
    },
    {
      "type": "Feature",
      "geometry": {
        "type": "Polygon",
        "coordinates": [
          [
            [-56.24406950171036, -34.8729080694231],
            [-56.24217718479152, -34.87114931599074],
            [-56.237941332149454, -34.86758588698369],
            [-56.22703654699311, -34.85871941422755],
            [-56.22898485063797, -34.85782324751311],
            [-56.233158663179935, -34.85541679477715],
            [-56.233912538639466, -34.85644196848546],
            [-56.23819048690748, -34.85269502256173],
            [-56.24368366452584, -34.84971374857022],
            [-56.24444552410299, -34.84928425373539],
            [-56.249710012467716, -34.846344384236104],
            [-56.25012317221144, -34.847055107440944],
            [-56.249761492350544, -34.848552619746364],
            [-56.249759477978344, -34.848629245931114],
            [-56.24981129803661, -34.85146394452442],
            [-56.25072121397021, -34.853364604743554],
            [-56.25189722046686, -34.85385917980858],
            [-56.252729983277284, -34.854829888761365],
            [-56.251819833889954, -34.85549095302246],
            [-56.25041764407811, -34.854240204646175],
            [-56.24899284927496, -34.854439197271766],
            [-56.24826331303446, -34.855743218122036],
            [-56.24961403630368, -34.85685939876495],
            [-56.24855042777354, -34.85827765352859],
            [-56.246598634517134, -34.858682183821884],
            [-56.24793319611805, -34.861590727165485],
            [-56.24386609861176, -34.862136430265195],
            [-56.24316721484619, -34.86329435910542],
            [-56.24360431026748, -34.86385556019785],
            [-56.2433859042966, -34.8662120988585],
            [-56.24525402773567, -34.86893893849284],
            [-56.24712958834361, -34.869762020477296],
            [-56.24835237229792, -34.870722449962024],
            [-56.24732237361886, -34.87159729790315],
            [-56.24406950171036, -34.8729080694231]
          ]
        ]
      },
      "properties": {
        "GID": 21,
        "NROBARRIO": 56,
        "BARRIO": "TRES OMBUES PBLO VICTORIA",
        "CODBA": "TO"
      }
    },
    {
      "type": "Feature",
      "geometry": {
        "type": "Polygon",
        "coordinates": [
          [
            [-56.16103186220929, -34.85013144065137],
            [-56.169980784064, -34.848174744866625],
            [-56.175156738436144, -34.84671698306152],
            [-56.176039149949524, -34.84792751521866],
            [-56.17963547240055, -34.85086172727889],
            [-56.18293012320296, -34.85461592174642],
            [-56.17959633721753, -34.855706821017755],
            [-56.179393229956816, -34.855165842206375],
            [-56.176068835674656, -34.85781154605377],
            [-56.174674471385345, -34.85645491182735],
            [-56.17389533456455, -34.85662378225151],
            [-56.17461869626777, -34.85875706946443],
            [-56.16941954461845, -34.86273373497719],
            [-56.16862274900415, -34.86273012540341],
            [-56.16486017490146, -34.85768000363857],
            [-56.16167459086177, -34.853885266375784],
            [-56.16063659669408, -34.85021850221792],
            [-56.16103186220929, -34.85013144065137]
          ]
        ]
      },
      "properties": {
        "GID": 22,
        "NROBARRIO": 27,
        "BARRIO": "CERRITO",
        "CODBA": "CT"
      }
    },
    {
      "type": "Feature",
      "geometry": {
        "type": "Polygon",
        "coordinates": [
          [
            [-56.20008898118781, -34.85363261458554],
            [-56.20052293960199, -34.85445754339999],
            [-56.20212839174141, -34.855187469841745],
            [-56.20306621136198, -34.856387288508515],
            [-56.20325655368224, -34.85620269262858],
            [-56.208510188922794, -34.85318732046919],
            [-56.21269179455861, -34.850950969970285],
            [-56.21360978465626, -34.85045692851379],
            [-56.21581755132282, -34.853118142644824],
            [-56.21674745283205, -34.852628735236806],
            [-56.2181936886929, -34.854548772115635],
            [-56.21741045475911, -34.854997363465685],
            [-56.22023601864139, -34.85851310495692],
            [-56.221853672907095, -34.85781853508278],
            [-56.218794945443065, -34.85972090284921],
            [-56.21952520539014, -34.860543425378474],
            [-56.214956674281716, -34.86328130403925],
            [-56.21602058796923, -34.864020023349035],
            [-56.21328103844676, -34.86569142366631],
            [-56.212189675603014, -34.86550994173809],
            [-56.21058023390607, -34.86749334629727],
            [-56.21093655767135, -34.86800155839526],
            [-56.2077619220972, -34.87151297598986],
            [-56.20742351090322, -34.87165820838992],
            [-56.203636431975234, -34.87066087875106],
            [-56.202232160604446, -34.872222534277],
            [-56.193936145088415, -34.871614862801216],
            [-56.19363766498661, -34.87159740522958],
            [-56.190254475147015, -34.87136425515831],
            [-56.19159853622541, -34.86929768934316],
            [-56.193396544339144, -34.862433010988084],
            [-56.1952552220719, -34.85988569950572],
            [-56.196383863329366, -34.857918136951206],
            [-56.196212060978226, -34.857327610887836],
            [-56.19699400797496, -34.8543641602399],
            [-56.20008898118781, -34.85363261458554]
          ]
        ]
      },
      "properties": {
        "GID": 23,
        "NROBARRIO": 39,
        "BARRIO": "PRADO NUEVA SAVONA",
        "CODBA": "PN"
      }
    },
    {
      "type": "Feature",
      "geometry": {
        "type": "Polygon",
        "coordinates": [
          [
            [-56.153275121859764, -34.85754770707651],
            [-56.152358232329696, -34.86074997523481],
            [-56.1514889187266, -34.8620078180656],
            [-56.15203057241103, -34.86453320667334],
            [-56.15212251674137, -34.86806325501791],
            [-56.15171814221884, -34.86957171316425],
            [-56.147532723691384, -34.87459845224897],
            [-56.145802671459165, -34.87360220679301],
            [-56.14409873269433, -34.872632913570335],
            [-56.14216538895282, -34.87153796387674],
            [-56.1413372752067, -34.87107126402102],
            [-56.13932280629352, -34.86992238234667],
            [-56.13935166784483, -34.86898328886545],
            [-56.13868744674358, -34.86614143323992],
            [-56.13741946802659, -34.86636197615405],
            [-56.13701619946601, -34.86452614411572],
            [-56.13526055461969, -34.86578124999204],
            [-56.13409886037916, -34.8659491523362],
            [-56.133820985530406, -34.86178738525374],
            [-56.13494439823642, -34.86052237785702],
            [-56.13795962660019, -34.85909544861977],
            [-56.13679638335255, -34.857651512278174],
            [-56.13850408072246, -34.85671445568075],
            [-56.14112403856844, -34.85527487992134],
            [-56.14237477903521, -34.85598959932743],
            [-56.14182267887512, -34.857887215503006],
            [-56.14297840824768, -34.85943070652085],
            [-56.14362535189307, -34.85857603908029],
            [-56.144446268594166, -34.85340535575988],
            [-56.14655722726958, -34.85206156606647],
            [-56.14806890688145, -34.85112485964966],
            [-56.14830270674555, -34.85100634135163],
            [-56.15023094981875, -34.857657185432586],
            [-56.15313311195496, -34.8564889310386],
            [-56.153275121859764, -34.85754770707651]
          ]
        ]
      },
      "properties": {
        "GID": 24,
        "NROBARRIO": 24,
        "BARRIO": "VILLA ESPAÃ‘OLA",
        "CODBA": "VE"
      }
    },
    {
      "type": "Feature",
      "geometry": {
        "type": "Polygon",
        "coordinates": [
          [
            [-56.12366602168897, -34.87287983257948],
            [-56.11592975191563, -34.87126582266459],
            [-56.11592975189664, -34.871265822693246],
            [-56.11140428146336, -34.87029274665504],
            [-56.11693705138677, -34.864548195741044],
            [-56.11295269798617, -34.86189841220418],
            [-56.1120391002765, -34.8616974896757],
            [-56.112761141859956, -34.85967141166714],
            [-56.112738813239595, -34.85733196075708],
            [-56.11352504190054, -34.857306975220915],
            [-56.11487458105136, -34.857138832876274],
            [-56.11901309538913, -34.857589161789086],
            [-56.119347380466124, -34.85696489738892],
            [-56.11892464310535, -34.854750084270805],
            [-56.122775412086845, -34.854340690959084],
            [-56.12349143164842, -34.85528504182875],
            [-56.12574706827129, -34.856527177429896],
            [-56.13102352947739, -34.85447832578466],
            [-56.1335510670397, -34.8577029462707],
            [-56.133820985530406, -34.86178738525374],
            [-56.13409886037916, -34.8659491523362],
            [-56.134300984285275, -34.86717238379375],
            [-56.12997339859351, -34.87016001946871],
            [-56.129909548302116, -34.87021975821099],
            [-56.128723109758724, -34.871078857937405],
            [-56.1282503192619, -34.87142046327867],
            [-56.125623291102904, -34.87333503400515],
            [-56.12468608776315, -34.87312987653353],
            [-56.12366602168897, -34.87287983257948]
          ]
        ]
      },
      "properties": {
        "GID": 25,
        "NROBARRIO": 17,
        "BARRIO": "MAROÃ‘AS PARQUE GUARANI",
        "CODBA": "MO"
      }
    },
    {
      "type": "Feature",
      "geometry": {
        "type": "Polygon",
        "coordinates": [
          [
            [-56.1837632470247, -34.870976843381115],
            [-56.17867269450469, -34.87062920383803],
            [-56.17646206404379, -34.870369425262986],
            [-56.17644946012099, -34.870368551202205],
            [-56.17455054886969, -34.87023181264478],
            [-56.1735949541763, -34.86911791540751],
            [-56.175469251309075, -34.867218965747085],
            [-56.173985134779905, -34.865568309339714],
            [-56.17349334851043, -34.865871083028175],
            [-56.1700576887257, -34.86241203406779],
            [-56.16941954461845, -34.86273373497719],
            [-56.17461869626777, -34.85875706946443],
            [-56.17389533456455, -34.85662378225151],
            [-56.174674471385345, -34.85645491182735],
            [-56.176068835674656, -34.85781154605377],
            [-56.179393229956816, -34.855165842206375],
            [-56.17959633721753, -34.855706821017755],
            [-56.18293012320296, -34.85461592174642],
            [-56.18346988865715, -34.85533102554375],
            [-56.18521734050277, -34.859457671565046],
            [-56.186290909163006, -34.86105807623998],
            [-56.18692209959757, -34.862469391982074],
            [-56.186178569655766, -34.869934994684506],
            [-56.183549756756356, -34.8700780364721],
            [-56.1837632470247, -34.870976843381115]
          ]
        ]
      },
      "properties": {
        "GID": 26,
        "NROBARRIO": 51,
        "BARRIO": "BRAZO ORIENTAL",
        "CODBA": "BO"
      }
    },
    {
      "type": "Feature",
      "geometry": {
        "type": "Polygon",
        "coordinates": [
          [
            [-56.11121439374942, -34.88354425908969],
            [-56.10870445967766, -34.88238005374326],
            [-56.10627190179626, -34.882696281035486],
            [-56.104526611005014, -34.88173786487785],
            [-56.103703956786575, -34.88275540857015],
            [-56.10399399220834, -34.88364674093401],
            [-56.10233108323844, -34.883703355727555],
            [-56.10055946504631, -34.885782184569365],
            [-56.09897725152702, -34.88576856217965],
            [-56.09569105829906, -34.885040515616176],
            [-56.09692454499544, -34.883368032052076],
            [-56.09348431563656, -34.87876919966876],
            [-56.09103344255685, -34.8757722756266],
            [-56.094468862654956, -34.873644647385596],
            [-56.0966160937022, -34.87264349993349],
            [-56.094351243307464, -34.87228517756731],
            [-56.0923351882059, -34.86672857532719],
            [-56.09335363050539, -34.86716120516036],
            [-56.09516116121357, -34.86664784302363],
            [-56.09622490463944, -34.86765114954379],
            [-56.098663725308214, -34.866933077372934],
            [-56.095748162832585, -34.860306988798875],
            [-56.09675214151213, -34.85992700914348],
            [-56.09736749886766, -34.85888461988998],
            [-56.09934201050718, -34.858434310987505],
            [-56.099708386123126, -34.857784537549385],
            [-56.10271012753134, -34.857782711607676],
            [-56.10654835366946, -34.85905448582755],
            [-56.107750793798616, -34.85847950429485],
            [-56.110386079549585, -34.85822138284168],
            [-56.111417064588295, -34.8561008492282],
            [-56.11245110784617, -34.85597846619635],
            [-56.11352504190054, -34.857306975220915],
            [-56.112738813239595, -34.85733196075708],
            [-56.112761141859956, -34.85967141166714],
            [-56.1120391002765, -34.8616974896757],
            [-56.11295269798617, -34.86189841220418],
            [-56.11693705138677, -34.864548195741044],
            [-56.11140428146336, -34.87029274665504],
            [-56.11592975189664, -34.871265822693246],
            [-56.11581858977268, -34.871433069338536],
            [-56.1122948105977, -34.875780839536354],
            [-56.11107853829727, -34.878093567825616],
            [-56.1114729956108, -34.88083704173124],
            [-56.11121439374942, -34.88354425908969]
          ]
        ]
      },
      "properties": {
        "GID": 27,
        "NROBARRIO": 19,
        "BARRIO": "LAS CANTERAS",
        "CODBA": "LS"
      }
    },
    {
      "type": "Feature",
      "geometry": {
        "type": "Polygon",
        "coordinates": [
          [
            [-56.22703654699311, -34.85871941422755],
            [-56.237941332149454, -34.86758588698369],
            [-56.24217718479152, -34.87114931599074],
            [-56.24406950171036, -34.8729080694231],
            [-56.24229399116905, -34.87441556793085],
            [-56.24241688703397, -34.87615986747193],
            [-56.24033111886556, -34.876255106211154],
            [-56.2384327898487, -34.876722165002],
            [-56.2361029090828, -34.87941500861179],
            [-56.233745745953534, -34.88030224008836],
            [-56.2327827226311, -34.87867831654776],
            [-56.23083253687039, -34.8797436565959],
            [-56.229924722020364, -34.8797555510635],
            [-56.22734689178137, -34.87532441130639],
            [-56.22616247506665, -34.8729799717238],
            [-56.225448686441226, -34.87268836506163],
            [-56.22471738312908, -34.87208761734711],
            [-56.22426590695794, -34.870606245032164],
            [-56.22258493670522, -34.86939010116897],
            [-56.22061243943789, -34.86891397395131],
            [-56.21883533486559, -34.86885093659939],
            [-56.217350622277, -34.8677855685435],
            [-56.21598537647643, -34.86546235386247],
            [-56.21602058796923, -34.864020023349035],
            [-56.214956674281716, -34.86328130403925],
            [-56.21952520539014, -34.860543425378474],
            [-56.218794945443065, -34.85972090284921],
            [-56.221853672907095, -34.85781853508278],
            [-56.22420280441435, -34.85642759107068],
            [-56.22703654699311, -34.85871941422755]
          ]
        ]
      },
      "properties": {
        "GID": 28,
        "NROBARRIO": 38,
        "BARRIO": "LA TEJA",
        "CODBA": "LT"
      }
    },
    {
      "type": "Feature",
      "geometry": {
        "type": "Polygon",
        "coordinates": [
          [
            [-56.16941954461845, -34.86273373497719],
            [-56.1700576887257, -34.86241203406779],
            [-56.17349334851043, -34.865871083028175],
            [-56.173985134779905, -34.865568309339714],
            [-56.175469251309075, -34.867218965747085],
            [-56.1735949541763, -34.86911791540751],
            [-56.17455054886969, -34.87023181264478],
            [-56.173839266001394, -34.870290933781604],
            [-56.173732909130926, -34.872209273421596],
            [-56.171215931060914, -34.87202226197503],
            [-56.171274121070994, -34.871093673911716],
            [-56.16993633113848, -34.87099360063471],
            [-56.17001215055444, -34.86991172273716],
            [-56.16826413874607, -34.86919978885337],
            [-56.166689302983535, -34.86958908741322],
            [-56.159249823166135, -34.8740417484759],
            [-56.15522148814085, -34.879298616012456],
            [-56.15121940865055, -34.87667509271258],
            [-56.147532723691384, -34.87459845224897],
            [-56.15171814221884, -34.86957171316425],
            [-56.15212251674137, -34.86806325501791],
            [-56.15203057241103, -34.86453320667334],
            [-56.1514889187266, -34.8620078180656],
            [-56.152358232329696, -34.86074997523481],
            [-56.153275121859764, -34.85754770707651],
            [-56.154075274518966, -34.857220509999244],
            [-56.15654278876506, -34.86133070377637],
            [-56.15604897701298, -34.86194419787621],
            [-56.15997335779553, -34.86501835819781],
            [-56.16389758748162, -34.86695133458612],
            [-56.168513602400864, -34.86343923548853],
            [-56.16862274900415, -34.86273012540341],
            [-56.16941954461845, -34.86273373497719]
          ]
        ]
      },
      "properties": {
        "GID": 29,
        "NROBARRIO": 25,
        "BARRIO": "MERCADO MODELO Y BOLIVAR",
        "CODBA": "MM"
      }
    },
    {
      "type": "Feature",
      "geometry": {
        "type": "Polygon",
        "coordinates": [
          [
            [-56.1837632470247, -34.870976843381115],
            [-56.183549756756356, -34.8700780364721],
            [-56.186178569655766, -34.869934994684506],
            [-56.18692209959757, -34.862469391982074],
            [-56.186290909163006, -34.86105807623998],
            [-56.19004788047089, -34.85907583016869],
            [-56.19405289440771, -34.85790509402442],
            [-56.194674616777995, -34.85775420238103],
            [-56.196212060978226, -34.857327610887836],
            [-56.196383863329366, -34.857918136951206],
            [-56.1952552220719, -34.85988569950572],
            [-56.193396544339144, -34.862433010988084],
            [-56.19159853622541, -34.86929768934316],
            [-56.190254475147015, -34.87136425515831],
            [-56.18917594534443, -34.87327513685894],
            [-56.183475764152696, -34.87283444578719],
            [-56.1837632470247, -34.870976843381115]
          ]
        ]
      },
      "properties": {
        "GID": 30,
        "NROBARRIO": 43,
        "BARRIO": "ATAHUALPA",
        "CODBA": "AT"
      }
    },
    {
      "type": "Feature",
      "geometry": {
        "type": "Polygon",
        "coordinates": [
          [
            [-56.1932365326318, -34.88490209632641],
            [-56.1927872255129, -34.8835632720944],
            [-56.193862727676894, -34.88196923792684],
            [-56.19281323434299, -34.881706339114025],
            [-56.19406495155226, -34.87789889020264],
            [-56.19318715343263, -34.87773014651054],
            [-56.193936145088415, -34.871614862801216],
            [-56.202232160604446, -34.872222534277],
            [-56.203636431975234, -34.87066087875106],
            [-56.20742351090322, -34.87165820838992],
            [-56.2077619220972, -34.87151297598986],
            [-56.21093655767135, -34.86800155839526],
            [-56.21058023390607, -34.86749334629727],
            [-56.212189675603014, -34.86550994173809],
            [-56.21328103844676, -34.86569142366631],
            [-56.21602058796923, -34.864020023349035],
            [-56.21598537647643, -34.86546235386247],
            [-56.217350622277, -34.8677855685435],
            [-56.21883533486559, -34.86885093659939],
            [-56.22061243943789, -34.86891397395131],
            [-56.22258493670522, -34.86939010116897],
            [-56.22426590695794, -34.870606245032164],
            [-56.22471738312908, -34.87208761734711],
            [-56.225448686441226, -34.87268836506163],
            [-56.22157771609214, -34.8732187316548],
            [-56.22053020639637, -34.873827110499484],
            [-56.21516115080929, -34.87408955224831],
            [-56.21290012432973, -34.87502981719806],
            [-56.21047543714778, -34.87661051007881],
            [-56.20499796589481, -34.879859449332244],
            [-56.20210123560098, -34.8821367930121],
            [-56.20159854515263, -34.88371809600354],
            [-56.19997840324618, -34.88294991976207],
            [-56.198518577210116, -34.88451090427298],
            [-56.19841893795972, -34.887115829912595],
            [-56.19593352489408, -34.886942151284906],
            [-56.19546842995779, -34.88577276814282],
            [-56.19596294499621, -34.88510967926879],
            [-56.1932365326318, -34.88490209632641]
          ]
        ]
      },
      "properties": {
        "GID": 31,
        "NROBARRIO": 40,
        "BARRIO": "CAPURRO BELLA VISTA",
        "CODBA": "CP"
      }
    },
    {
      "type": "Feature",
      "geometry": {
        "type": "Polygon",
        "coordinates": [
          [
            [-56.14409873269433, -34.872632913570335],
            [-56.145802671459165, -34.87360220679301],
            [-56.147532723691384, -34.87459845224897],
            [-56.15121940865055, -34.87667509271258],
            [-56.15522148814085, -34.879298616012456],
            [-56.15443333918208, -34.880404605589206],
            [-56.152490834756435, -34.88204190736803],
            [-56.151073290270716, -34.88388998317609],
            [-56.14717835093227, -34.88562333222849],
            [-56.144624229844126, -34.88750206055981],
            [-56.141640292116456, -34.88664788148087],
            [-56.13822813174183, -34.88646554449554],
            [-56.136589791435114, -34.88774943767507],
            [-56.13623814520978, -34.88763914349913],
            [-56.12914623552909, -34.88788875107814],
            [-56.12828862056813, -34.88180547292437],
            [-56.126149273452775, -34.875296673995706],
            [-56.12676920207852, -34.87339998500205],
            [-56.125623291102904, -34.87333503400515],
            [-56.1282503192619, -34.87142046327867],
            [-56.128723109758724, -34.871078857937405],
            [-56.129909548302116, -34.87021975821099],
            [-56.12997339859351, -34.87016001946871],
            [-56.134300984285275, -34.86717238379375],
            [-56.13409886037916, -34.8659491523362],
            [-56.13526055461969, -34.86578124999204],
            [-56.13701619946601, -34.86452614411572],
            [-56.13741946802659, -34.86636197615405],
            [-56.13868744674358, -34.86614143323992],
            [-56.13935166784483, -34.86898328886545],
            [-56.13932280629352, -34.86992238234667],
            [-56.1413372752067, -34.87107126402102],
            [-56.14216538895282, -34.87153796387674],
            [-56.14409873269433, -34.872632913570335]
          ]
        ]
      },
      "properties": {
        "GID": 32,
        "NROBARRIO": 23,
        "BARRIO": "UNION",
        "CODBA": "UN"
      }
    },
    {
      "type": "Feature",
      "geometry": {
        "type": "Polygon",
        "coordinates": [
          [
            [-56.0832604101476, -34.883133560793766],
            [-56.07021342258607, -34.8785859202699],
            [-56.068701001487916, -34.88085821494379],
            [-56.06516368202955, -34.87973947256536],
            [-56.06314298841165, -34.879719057868016],
            [-56.062166302815314, -34.87769651363718],
            [-56.05790094089226, -34.87708611824041],
            [-56.05807412102862, -34.87588785329739],
            [-56.05147778185426, -34.87532465954026],
            [-56.05132568000004, -34.87647796302178],
            [-56.043839415585126, -34.8758162385164],
            [-56.043980468014375, -34.874776637069985],
            [-56.03841270495772, -34.87436032264227],
            [-56.03870828154919, -34.87346049913724],
            [-56.03985536825392, -34.872462970790814],
            [-56.039802137145415, -34.870978061952684],
            [-56.04111170408278, -34.87008625760464],
            [-56.04204075967459, -34.86848321951275],
            [-56.044055439243145, -34.8685328007909],
            [-56.04654525369295, -34.86761216274794],
            [-56.047883900176394, -34.86742462589559],
            [-56.05203111091096, -34.86940835536805],
            [-56.05301663471939, -34.86940167850642],
            [-56.058488880972455, -34.86800129815154],
            [-56.059891937353434, -34.866658076975455],
            [-56.06071827351246, -34.86717913674936],
            [-56.06814214811705, -34.8696196198987],
            [-56.07125330444254, -34.870199055867594],
            [-56.080854095816385, -34.86994187323194],
            [-56.0877397483063, -34.871221804379466],
            [-56.094351243307464, -34.87228517756731],
            [-56.0966160937022, -34.87264349993349],
            [-56.094468862654956, -34.873644647385596],
            [-56.09103344255685, -34.8757722756266],
            [-56.085975970926924, -34.87887243841366],
            [-56.084384963441856, -34.880634492897975],
            [-56.0832604101476, -34.883133560793766]
          ]
        ]
      },
      "properties": {
        "GID": 33,
        "NROBARRIO": 15,
        "BARRIO": "CARRASCO NORTE",
        "CODBA": "CN"
      }
    },
    {
      "type": "Feature",
      "geometry": {
        "type": "Polygon",
        "coordinates": [
          [
            [-56.166689302983535, -34.86958908741322],
            [-56.16826413874607, -34.86919978885337],
            [-56.17001215055444, -34.86991172273716],
            [-56.16993633113848, -34.87099360063471],
            [-56.171274121070994, -34.871093673911716],
            [-56.171215931060914, -34.87202226197503],
            [-56.173732909130926, -34.872209273421596],
            [-56.173839266001394, -34.870290933781604],
            [-56.17455054886969, -34.87023181264478],
            [-56.17644946012099, -34.870368551202205],
            [-56.17646206404379, -34.870369425262986],
            [-56.17867269450469, -34.87062920383803],
            [-56.17669529357507, -34.87291782383922],
            [-56.177865129389346, -34.8743298045338],
            [-56.17565326973644, -34.87426584349766],
            [-56.17311713490614, -34.87695644253122],
            [-56.17323516562442, -34.87860216734213],
            [-56.17072345707948, -34.878436970621166],
            [-56.170368842961096, -34.8810123082264],
            [-56.16939059468823, -34.881617934667396],
            [-56.16699377714761, -34.883926342970696],
            [-56.16621272244484, -34.88330747298475],
            [-56.16596199313732, -34.883177434670664],
            [-56.164749604544156, -34.88231980726608],
            [-56.16641224867896, -34.8817024730577],
            [-56.1670741100178, -34.87603548794838],
            [-56.16762282966976, -34.870218673313005],
            [-56.166689302983535, -34.86958908741322]
          ]
        ]
      },
      "properties": {
        "GID": 34,
        "NROBARRIO": 44,
        "BARRIO": "JACINTO VERA",
        "CODBA": "JV"
      }
    },
    {
      "type": "Feature",
      "geometry": {
        "type": "Polygon",
        "coordinates": [
          [
            [-56.16699377714761, -34.883926342970696],
            [-56.16378026818096, -34.886275475765245],
            [-56.16025257340038, -34.88949174484455],
            [-56.15538208290782, -34.88369255968457],
            [-56.152490834756435, -34.88204190736803],
            [-56.15443333918208, -34.880404605589206],
            [-56.15522148814085, -34.879298616012456],
            [-56.159249823166135, -34.8740417484759],
            [-56.166689302983535, -34.86958908741322],
            [-56.16762282966976, -34.870218673313005],
            [-56.1670741100178, -34.87603548794838],
            [-56.16641224867896, -34.8817024730577],
            [-56.164749604544156, -34.88231980726608],
            [-56.16596199313732, -34.883177434670664],
            [-56.16621272244484, -34.88330747298475],
            [-56.16699377714761, -34.883926342970696]
          ]
        ]
      },
      "properties": {
        "GID": 35,
        "NROBARRIO": 46,
        "BARRIO": "LARRAÃ‘AGA",
        "CODBA": "LG"
      }
    },
    {
      "type": "Feature",
      "geometry": {
        "type": "Polygon",
        "coordinates": [
          [
            [-56.170368842961096, -34.8810123082264],
            [-56.17072345707948, -34.878436970621166],
            [-56.17323516562442, -34.87860216734213],
            [-56.17311713490614, -34.87695644253122],
            [-56.17565326973644, -34.87426584349766],
            [-56.177865129389346, -34.8743298045338],
            [-56.17669529357507, -34.87291782383922],
            [-56.17867269450469, -34.87062920383803],
            [-56.1837632470247, -34.870976843381115],
            [-56.183475764152696, -34.87283444578719],
            [-56.18196244802309, -34.87336206347627],
            [-56.183110612119044, -34.874815584229474],
            [-56.17957463852696, -34.876398301727384],
            [-56.181731208642034, -34.88078210392058],
            [-56.17780731957534, -34.88228021256223],
            [-56.17436326838999, -34.88224904085467],
            [-56.17025539902329, -34.88213391965267],
            [-56.170368842961096, -34.8810123082264]
          ]
        ]
      },
      "properties": {
        "GID": 36,
        "NROBARRIO": 45,
        "BARRIO": "FIGURITA",
        "CODBA": "FI"
      }
    },
    {
      "type": "Feature",
      "geometry": {
        "type": "Polygon",
        "coordinates": [
          [
            [-56.11121439374942, -34.88354425908969],
            [-56.1114729956108, -34.88083704173124],
            [-56.11107853829727, -34.878093567825616],
            [-56.1122948105977, -34.875780839536354],
            [-56.11581858977268, -34.871433069338536],
            [-56.11592975191563, -34.87126582266459],
            [-56.12366602168897, -34.87287983257948],
            [-56.12468608776315, -34.87312987653353],
            [-56.125623291102904, -34.87333503400515],
            [-56.12676920207852, -34.87339998500205],
            [-56.126149273452775, -34.875296673995706],
            [-56.12828862056813, -34.88180547292437],
            [-56.12672205256627, -34.88168955161564],
            [-56.12148160052989, -34.88391343452344],
            [-56.11888098058747, -34.884415005104884],
            [-56.11442794325686, -34.88470290351362],
            [-56.11115304550935, -34.883894120457],
            [-56.11121439374942, -34.88354425908969]
          ]
        ]
      },
      "properties": {
        "GID": 37,
        "NROBARRIO": 12,
        "BARRIO": "MALVIN NORTE",
        "CODBA": "MN"
      }
    },
    {
      "type": "Feature",
      "geometry": {
        "type": "Polygon",
        "coordinates": [
          [
            [-56.0832604101476, -34.883133560793766],
            [-56.08248591644052, -34.88522604759632],
            [-56.08126300057003, -34.88658400881852],
            [-56.078785538673486, -34.88826272602781],
            [-56.076100953798175, -34.88959699375634],
            [-56.07295752123913, -34.890777888139944],
            [-56.07186790140593, -34.891128198729035],
            [-56.05944401408925, -34.8954233855335],
            [-56.05605493292002, -34.892761212582755],
            [-56.05281734321214, -34.89098204752178],
            [-56.049730191088784, -34.88984703633413],
            [-56.04358815681783, -34.88723419632566],
            [-56.038121177381996, -34.884513054991224],
            [-56.03680950867965, -34.8840731585232],
            [-56.032215367994326, -34.88198681542888],
            [-56.026434594894305, -34.87907252997312],
            [-56.024527370567874, -34.87825416576503],
            [-56.02466681352754, -34.877476074938286],
            [-56.02756394733712, -34.87819064030959],
            [-56.029218441842275, -34.87930834872791],
            [-56.030854187016814, -34.87928106032935],
            [-56.03105407137412, -34.87837514999897],
            [-56.03378339540548, -34.878340650556915],
            [-56.034799376736885, -34.87780336926515],
            [-56.035511249512304, -34.87610057726964],
            [-56.03617291917737, -34.87300935331222],
            [-56.03707157029365, -34.871782725046415],
            [-56.039802137145415, -34.870978061952684],
            [-56.03985536825392, -34.872462970790814],
            [-56.03870828154919, -34.87346049913724],
            [-56.03841270495772, -34.87436032264227],
            [-56.043980468014375, -34.874776637069985],
            [-56.043839415585126, -34.8758162385164],
            [-56.05132568000004, -34.87647796302178],
            [-56.05147778185426, -34.87532465954026],
            [-56.05807412102862, -34.87588785329739],
            [-56.05790094089226, -34.87708611824041],
            [-56.062166302815314, -34.87769651363718],
            [-56.06314298841165, -34.879719057868016],
            [-56.06516368202955, -34.87973947256536],
            [-56.068701001487916, -34.88085821494379],
            [-56.07021342258607, -34.8785859202699],
            [-56.0832604101476, -34.883133560793766]
          ]
        ]
      },
      "properties": {
        "GID": 38,
        "NROBARRIO": 14,
        "BARRIO": "CARRASCO",
        "CODBA": "CR"
      }
    },
    {
      "type": "Feature",
      "geometry": {
        "type": "Polygon",
        "coordinates": [
          [
            [-56.181731208642034, -34.88078210392058],
            [-56.17957463852696, -34.876398301727384],
            [-56.183110612119044, -34.874815584229474],
            [-56.18196244802309, -34.87336206347627],
            [-56.183475764152696, -34.87283444578719],
            [-56.18917594534443, -34.87327513685894],
            [-56.190254475147015, -34.87136425515831],
            [-56.19363766498661, -34.87159740522958],
            [-56.193936145088415, -34.871614862801216],
            [-56.19318715343263, -34.87773014651054],
            [-56.19406495155226, -34.87789889020264],
            [-56.19281323434299, -34.881706339114025],
            [-56.193862727676894, -34.88196923792684],
            [-56.1927872255129, -34.8835632720944],
            [-56.1932365326318, -34.88490209632641],
            [-56.18726932353963, -34.88215926488693],
            [-56.18316232378807, -34.88334257608832],
            [-56.181731208642034, -34.88078210392058]
          ]
        ]
      },
      "properties": {
        "GID": 39,
        "NROBARRIO": 42,
        "BARRIO": "REDUCTO",
        "CODBA": "RE"
      }
    },
    {
      "type": "Feature",
      "geometry": {
        "type": "Polygon",
        "coordinates": [
          [
            [-56.253264151553516, -34.896727077634004],
            [-56.24944977825826, -34.89608377444631],
            [-56.24651363008613, -34.896355587447644],
            [-56.24477269283227, -34.89549984329808],
            [-56.24346688007322, -34.89336645988998],
            [-56.242752957159794, -34.895203539634096],
            [-56.24144395106968, -34.89376409340444],
            [-56.24217762116532, -34.89266183267483],
            [-56.24478704925746, -34.8914977946715],
            [-56.2441292524242, -34.889185576278834],
            [-56.244839630518314, -34.88886169416801],
            [-56.245090827490806, -34.884511639526494],
            [-56.24393510086118, -34.88286296981533],
            [-56.24452663099978, -34.88219330221575],
            [-56.245765086867074, -34.88235174088115],
            [-56.246852987295476, -34.88163489061869],
            [-56.24754876154218, -34.88028455216005],
            [-56.24784272160703, -34.878695131834405],
            [-56.2473509602476, -34.87801371790068],
            [-56.24375875675566, -34.87739824878487],
            [-56.24241688703397, -34.87615986747193],
            [-56.24229399116905, -34.87441556793085],
            [-56.24406950171036, -34.8729080694231],
            [-56.24732237361886, -34.87159729790315],
            [-56.24767570999252, -34.87171622080842],
            [-56.26261107955366, -34.87368215965135],
            [-56.26292112879318, -34.87406563356721],
            [-56.267082057277676, -34.87232138330598],
            [-56.267067210685745, -34.87239403537474],
            [-56.26626200716933, -34.87616727508187],
            [-56.264187256703714, -34.886868912507246],
            [-56.26509425835669, -34.889199279125116],
            [-56.26585391880834, -34.88985646822277],
            [-56.26368584488711, -34.88926366014832],
            [-56.26309483510573, -34.890680424002475],
            [-56.261237770961145, -34.891848001616516],
            [-56.26075692297553, -34.89431943869989],
            [-56.25945893356917, -34.894887239862804],
            [-56.25707917008156, -34.894700408459414],
            [-56.255457854357516, -34.894092017709504],
            [-56.25520695636442, -34.893092172327584],
            [-56.25501295031367, -34.89299467152034],
            [-56.254244807203705, -34.892834273870896],
            [-56.253264151553516, -34.896727077634004]
          ]
        ]
      },
      "properties": {
        "GID": 40,
        "NROBARRIO": 35,
        "BARRIO": "CERRO",
        "CODBA": "CO"
      }
    },
    {
      "type": "Feature",
      "geometry": {
        "type": "Polygon",
        "coordinates": [
          [
            [-56.07295752123913, -34.890777888139944],
            [-56.076100953798175, -34.88959699375634],
            [-56.078785538673486, -34.88826272602781],
            [-56.08126300057003, -34.88658400881852],
            [-56.08248591644052, -34.88522604759632],
            [-56.0832604101476, -34.883133560793766],
            [-56.084384963441856, -34.880634492897975],
            [-56.085975970926924, -34.87887243841366],
            [-56.09103344255685, -34.8757722756266],
            [-56.09348431563656, -34.87876919966876],
            [-56.09692454499544, -34.883368032052076],
            [-56.09569105829906, -34.885040515616176],
            [-56.09154715190718, -34.890252325502644],
            [-56.09285377769278, -34.89091137774222],
            [-56.09101059349718, -34.89270611856296],
            [-56.09257187897707, -34.893575560062594],
            [-56.09085190137814, -34.89564371865831],
            [-56.08883561564526, -34.89638803692692],
            [-56.086327609467226, -34.89612444105407],
            [-56.08404015955145, -34.896897272767546],
            [-56.08287544821957, -34.89868776144419],
            [-56.082250137867106, -34.90046907102374],
            [-56.0802861713945, -34.89991245828924],
            [-56.077466051992964, -34.89798163044551],
            [-56.075333554492985, -34.89788575801049],
            [-56.07301926830857, -34.898423233339436],
            [-56.071861744710915, -34.90016196805809],
            [-56.069555221216525, -34.8993116982353],
            [-56.06797787436479, -34.89995016259424],
            [-56.06426657966284, -34.89963709070617],
            [-56.062711067651755, -34.89850328500613],
            [-56.05944401408925, -34.8954233855335],
            [-56.07186790140593, -34.891128198729035],
            [-56.07295752123913, -34.890777888139944]
          ]
        ]
      },
      "properties": {
        "GID": 41,
        "NROBARRIO": 13,
        "BARRIO": "PUNTA GORDA",
        "CODBA": "PG"
      }
    },
    {
      "type": "Feature",
      "geometry": {
        "type": "Polygon",
        "coordinates": [
          [
            [-56.173078193143795, -34.89338015011805],
            [-56.17436326838999, -34.88224904085467],
            [-56.17780731957534, -34.88228021256223],
            [-56.181731208642034, -34.88078210392058],
            [-56.18316232378807, -34.88334257608832],
            [-56.184568794990284, -34.88588550429809],
            [-56.18063323912432, -34.88738366851801],
            [-56.18169604431929, -34.889267830054955],
            [-56.18059370411664, -34.89516198251415],
            [-56.179626994652914, -34.894607918265734],
            [-56.178453210224696, -34.89474971675426],
            [-56.17297659241237, -34.894308853240666],
            [-56.173078193143795, -34.89338015011805]
          ]
        ]
      },
      "properties": {
        "GID": 42,
        "NROBARRIO": 48,
        "BARRIO": "VILLA MUÃ‘OZ RETIRO",
        "CODBA": "VM"
      }
    },
    {
      "type": "Feature",
      "geometry": {
        "type": "Polygon",
        "coordinates": [
          [
            [-56.17158107770972, -34.893278556890465],
            [-56.16893686641943, -34.893092876152664],
            [-56.1690501484406, -34.89199570131314],
            [-56.16767442540546, -34.89188915632967],
            [-56.1678249555814, -34.890852321452094],
            [-56.166844306502234, -34.889834935093205],
            [-56.16544663068505, -34.88927668719049],
            [-56.16378026818096, -34.886275475765245],
            [-56.16699377714761, -34.883926342970696],
            [-56.16939059468823, -34.881617934667396],
            [-56.170368842961096, -34.8810123082264],
            [-56.17025539902329, -34.88213391965267],
            [-56.17436326838999, -34.88224904085467],
            [-56.173078193143795, -34.89338015011805],
            [-56.17158107770972, -34.893278556890465]
          ]
        ]
      },
      "properties": {
        "GID": 43,
        "NROBARRIO": 49,
        "BARRIO": "LA COMERCIAL",
        "CODBA": "LC"
      }
    },
    {
      "type": "Feature",
      "geometry": {
        "type": "Polygon",
        "coordinates": [
          [
            [-56.136589791435114, -34.88774943767507],
            [-56.132518314179585, -34.89097037385661],
            [-56.13718206892713, -34.89311580795668],
            [-56.13662054933711, -34.89403657448621],
            [-56.139047481305, -34.89439197932035],
            [-56.1433359611981, -34.89555226750382],
            [-56.141885060530996, -34.89954605664409],
            [-56.14079075668644, -34.899268053327106],
            [-56.13989447515429, -34.90164523244716],
            [-56.138452604174674, -34.90121621804554],
            [-56.13768875690575, -34.90371039769116],
            [-56.134892399464526, -34.911517765120415],
            [-56.133186368202004, -34.91212747926029],
            [-56.130093811313294, -34.91126060442037],
            [-56.12976442726945, -34.9098935770548],
            [-56.13290126120502, -34.90910312552563],
            [-56.132413616380774, -34.90732855033178],
            [-56.13096643874759, -34.90513505252575],
            [-56.1279441355797, -34.90625391683252],
            [-56.125934425796196, -34.906149051668386],
            [-56.1234393360808, -34.90515333457025],
            [-56.12244805355162, -34.90390394083965],
            [-56.12320094455985, -34.90216734342642],
            [-56.12163691522683, -34.90051206823079],
            [-56.117850559840704, -34.898451122061296],
            [-56.11689684146562, -34.898297631316346],
            [-56.11726902259281, -34.897083151517336],
            [-56.11685863761343, -34.89632239751033],
            [-56.11925344601075, -34.89258976749746],
            [-56.11667009370985, -34.89160855646184],
            [-56.1185090354325, -34.88873350122224],
            [-56.12007971213734, -34.888788542108244],
            [-56.120036775339635, -34.887255562868226],
            [-56.11888098058747, -34.884415005104884],
            [-56.12148160052989, -34.88391343452344],
            [-56.12672205256627, -34.88168955161564],
            [-56.12828862056813, -34.88180547292437],
            [-56.12914623552909, -34.88788875107814],
            [-56.13623814520978, -34.88763914349913],
            [-56.136589791435114, -34.88774943767507]
          ]
        ]
      },
      "properties": {
        "GID": 44,
        "NROBARRIO": 9,
        "BARRIO": "BUCEO",
        "CODBA": "BU"
      }
    },
    {
      "type": "Feature",
      "geometry": {
        "type": "Polygon",
        "coordinates": [
          [
            [-56.11888098058747, -34.884415005104884],
            [-56.120036775339635, -34.887255562868226],
            [-56.12007971213734, -34.888788542108244],
            [-56.1185090354325, -34.88873350122224],
            [-56.11667009370985, -34.89160855646184],
            [-56.11925344601075, -34.89258976749746],
            [-56.11685863761343, -34.89632239751033],
            [-56.11726902259281, -34.897083151517336],
            [-56.11689684146562, -34.898297631316346],
            [-56.11450554459312, -34.8986303325601],
            [-56.112097715617445, -34.89744167641779],
            [-56.11046934249041, -34.897143284195934],
            [-56.10626848370234, -34.897152706075524],
            [-56.103222982304125, -34.89764536204453],
            [-56.099975524535125, -34.89956830042562],
            [-56.09973306551758, -34.898184866366535],
            [-56.09731455912833, -34.89710585350572],
            [-56.095790215595905, -34.897360849991635],
            [-56.093562002942676, -34.89608390618091],
            [-56.09085190137814, -34.89564371865831],
            [-56.09257187897707, -34.893575560062594],
            [-56.09101059349718, -34.89270611856296],
            [-56.09285377769278, -34.89091137774222],
            [-56.09154715190718, -34.890252325502644],
            [-56.09569105829906, -34.885040515616176],
            [-56.09897725152702, -34.88576856217965],
            [-56.10055946504631, -34.885782184569365],
            [-56.10233108323844, -34.883703355727555],
            [-56.10399399220834, -34.88364674093401],
            [-56.103703956786575, -34.88275540857015],
            [-56.104526611005014, -34.88173786487785],
            [-56.10627190179626, -34.882696281035486],
            [-56.10870445967766, -34.88238005374326],
            [-56.11121439374942, -34.88354425908969],
            [-56.11115304550935, -34.883894120457],
            [-56.11442794325686, -34.88470290351362],
            [-56.11888098058747, -34.884415005104884]
          ]
        ]
      },
      "properties": {
        "GID": 45,
        "NROBARRIO": 11,
        "BARRIO": "MALVIN",
        "CODBA": "MA"
      }
    },
    {
      "type": "Feature",
      "geometry": {
        "type": "Polygon",
        "coordinates": [
          [
            [-56.18059370411664, -34.89516198251415],
            [-56.18169604431929, -34.889267830054955],
            [-56.18063323912432, -34.88738366851801],
            [-56.184568794990284, -34.88588550429809],
            [-56.18316232378807, -34.88334257608832],
            [-56.18726932353963, -34.88215926488693],
            [-56.1932365326318, -34.88490209632641],
            [-56.19596294499621, -34.88510967926879],
            [-56.19546842995779, -34.88577276814282],
            [-56.19593352489408, -34.886942151284906],
            [-56.19548528300376, -34.89004518764131],
            [-56.194709074773634, -34.897841986506265],
            [-56.194720873161145, -34.898762817764215],
            [-56.19587544544614, -34.89948029943314],
            [-56.19571274424122, -34.89961714602879],
            [-56.18676404769446, -34.89897651382607],
            [-56.18631935903528, -34.89817056732549],
            [-56.18269234682559, -34.89628780133489],
            [-56.181964817036516, -34.89737599254293],
            [-56.179594166469876, -34.89607728340868],
            [-56.18059370411664, -34.89516198251415]
          ]
        ]
      },
      "properties": {
        "GID": 46,
        "NROBARRIO": 41,
        "BARRIO": "AGUADA",
        "CODBA": "AG"
      }
    },
    {
      "type": "Feature",
      "geometry": {
        "type": "Polygon",
        "coordinates": [
          [
            [-56.144624229844126, -34.88750206055981],
            [-56.14717835093227, -34.88562333222849],
            [-56.151073290270716, -34.88388998317609],
            [-56.152490834756435, -34.88204190736803],
            [-56.15538208290782, -34.88369255968457],
            [-56.16025257340038, -34.88949174484455],
            [-56.15882578781359, -34.89197010208683],
            [-56.15064653770893, -34.8900027746337],
            [-56.14560774023264, -34.88789639966302],
            [-56.1447669507024, -34.88755130827611],
            [-56.144624229844126, -34.88750206055981]
          ]
        ]
      },
      "properties": {
        "GID": 47,
        "NROBARRIO": 47,
        "BARRIO": "LA BLANQUEADA",
        "CODBA": "LB"
      }
    },
    {
      "type": "Feature",
      "geometry": {
        "type": "Polygon",
        "coordinates": [
          [
            [-56.16025257340038, -34.88949174484455],
            [-56.16378026818096, -34.886275475765245],
            [-56.16544663068505, -34.88927668719049],
            [-56.166844306502234, -34.889834935093205],
            [-56.1678249555814, -34.890852321452094],
            [-56.16767442540546, -34.89188915632967],
            [-56.1690501484406, -34.89199570131314],
            [-56.16893686641943, -34.893092876152664],
            [-56.17158107770972, -34.893278556890465],
            [-56.17111494397928, -34.897216333536036],
            [-56.16932367184106, -34.9004259037936],
            [-56.1691178740392, -34.902183500231075],
            [-56.16522406590269, -34.90194175889221],
            [-56.164270815953955, -34.902205671665435],
            [-56.16492453808116, -34.89630690977327],
            [-56.164851375363305, -34.8951033471482],
            [-56.15882578781359, -34.89197010208683],
            [-56.16025257340038, -34.88949174484455]
          ]
        ]
      },
      "properties": {
        "GID": 48,
        "NROBARRIO": 50,
        "BARRIO": "TRES CRUCES",
        "CODBA": "TC"
      }
    },
    {
      "type": "Feature",
      "geometry": {
        "type": "Polygon",
        "coordinates": [
          [
            [-56.13989447515429, -34.90164523244716],
            [-56.14079075668644, -34.899268053327106],
            [-56.141885060530996, -34.89954605664409],
            [-56.1433359611981, -34.89555226750382],
            [-56.139047481305, -34.89439197932035],
            [-56.13662054933711, -34.89403657448621],
            [-56.13718206892713, -34.89311580795668],
            [-56.132518314179585, -34.89097037385661],
            [-56.136589791435114, -34.88774943767507],
            [-56.13822813174183, -34.88646554449554],
            [-56.141640292116456, -34.88664788148087],
            [-56.144624229844126, -34.88750206055981],
            [-56.1447669507024, -34.88755130827611],
            [-56.14560774023264, -34.88789639966302],
            [-56.15064653770893, -34.8900027746337],
            [-56.15882578781359, -34.89197010208683],
            [-56.164851375363305, -34.8951033471482],
            [-56.16492453808116, -34.89630690977327],
            [-56.164270815953955, -34.902205671665435],
            [-56.16403857951702, -34.902273886845755],
            [-56.16036076444032, -34.90302263466086],
            [-56.15649671638674, -34.90315429735724],
            [-56.15036055874496, -34.90305721916363],
            [-56.14587381148122, -34.90283406407683],
            [-56.143555671467006, -34.90250838035599],
            [-56.13989447515429, -34.90164523244716]
          ]
        ]
      },
      "properties": {
        "GID": 49,
        "NROBARRIO": 10,
        "BARRIO": "PQUE BATLLE VILLA DOLORES",
        "CODBA": "PB"
      }
    },
    {
      "type": "Feature",
      "geometry": {
        "type": "Polygon",
        "coordinates": [
          [
            [-56.18676404769446, -34.89897651382607],
            [-56.18609515090541, -34.90050127933336],
            [-56.18507525428001, -34.90549411796639],
            [-56.184633065830326, -34.905609294400186],
            [-56.184331531778554, -34.90821532099547],
            [-56.17622063044581, -34.907649565887716],
            [-56.173161979310194, -34.90762628716113],
            [-56.16854246728722, -34.907097848019376],
            [-56.168432695675186, -34.90805331411104],
            [-56.16343487150268, -34.90769730550828],
            [-56.16403857951702, -34.902273886845755],
            [-56.164270815953955, -34.902205671665435],
            [-56.16522406590269, -34.90194175889221],
            [-56.1691178740392, -34.902183500231075],
            [-56.16932367184106, -34.9004259037936],
            [-56.17111494397928, -34.897216333536036],
            [-56.17158107770972, -34.893278556890465],
            [-56.173078193143795, -34.89338015011805],
            [-56.17297659241237, -34.894308853240666],
            [-56.178453210224696, -34.89474971675426],
            [-56.179626994652914, -34.894607918265734],
            [-56.18059370411664, -34.89516198251415],
            [-56.179594166469876, -34.89607728340868],
            [-56.181964817036516, -34.89737599254293],
            [-56.18269234682559, -34.89628780133489],
            [-56.18631935903528, -34.89817056732549],
            [-56.18676404769446, -34.89897651382607]
          ]
        ]
      },
      "properties": {
        "GID": 51,
        "NROBARRIO": 4,
        "BARRIO": "CORDON",
        "CODBA": "CD"
      }
    },
    {
      "type": "Feature",
      "geometry": {
        "type": "Polygon",
        "coordinates": [
          [
            [-56.184331531778554, -34.90821532099547],
            [-56.184633065830326, -34.905609294400186],
            [-56.18507525428001, -34.90549411796639],
            [-56.18609515090541, -34.90050127933336],
            [-56.18676404769446, -34.89897651382607],
            [-56.19571274424122, -34.89961714602879],
            [-56.19587544544614, -34.89948029943314],
            [-56.19914155204854, -34.900509272587236],
            [-56.19979254542101, -34.90108010131143],
            [-56.199313533380234, -34.905993411766666],
            [-56.19812908411805, -34.906424472271325],
            [-56.19782146971815, -34.909211191257896],
            [-56.184331531778554, -34.90821532099547]
          ]
        ]
      },
      "properties": {
        "GID": 52,
        "NROBARRIO": 2,
        "BARRIO": "CENTRO",
        "CODBA": "CE"
      }
    },
    {
      "type": "Feature",
      "geometry": {
        "type": "Polygon",
        "coordinates": [
          [
            [-56.19782146971815, -34.909211191257896],
            [-56.19812908411805, -34.906424472271325],
            [-56.199313533380234, -34.905993411766666],
            [-56.19979254542101, -34.90108010131143],
            [-56.19914155204854, -34.900509272587236],
            [-56.19587544544614, -34.89948029943314],
            [-56.194720873161145, -34.898762817764215],
            [-56.194709074773634, -34.897841986506265],
            [-56.19548528300376, -34.89004518764131],
            [-56.19593352489408, -34.886942151284906],
            [-56.19841893795972, -34.887115829912595],
            [-56.19833374333832, -34.89057312211634],
            [-56.200419473566996, -34.891222407638686],
            [-56.20096839458117, -34.892414811993724],
            [-56.197857292291665, -34.8916353219364],
            [-56.1976629709807, -34.89335779134327],
            [-56.19848768958459, -34.89448478209805],
            [-56.19718186068874, -34.897170553259315],
            [-56.19791444846038, -34.89903309181303],
            [-56.20032496720249, -34.899996537671335],
            [-56.20059143075795, -34.89960336792411],
            [-56.20458167529586, -34.9008400323703],
            [-56.207490600503036, -34.89905114646271],
            [-56.20898571157008, -34.89966862824719],
            [-56.20647220195551, -34.90141581098074],
            [-56.21152973191982, -34.90296004071286],
            [-56.21418730249699, -34.901252878619],
            [-56.21469466915896, -34.90140006285903],
            [-56.21313486472789, -34.90460922290502],
            [-56.21405945156099, -34.904921899160136],
            [-56.21711928793025, -34.90302416044774],
            [-56.21890266432977, -34.90429413874138],
            [-56.21684895184435, -34.905625480348334],
            [-56.217223274642976, -34.90759636036738],
            [-56.21678309630997, -34.908382835555955],
            [-56.216829439682876, -34.911392838131],
            [-56.214910015638665, -34.91084618638076],
            [-56.2099079110656, -34.91212790359943],
            [-56.20582998743663, -34.91119649351331],
            [-56.2041505742539, -34.9105640076805],
            [-56.20133015938465, -34.91065378366396],
            [-56.20012807706881, -34.911207821744235],
            [-56.200184536293314, -34.9119884664303],
            [-56.198937053959355, -34.91266776287371],
            [-56.1952390957158, -34.912623323192136],
            [-56.19766098500361, -34.910950181139356],
            [-56.19782146971815, -34.909211191257896]
          ]
        ]
      },
      "properties": {
        "GID": 53,
        "NROBARRIO": 1,
        "BARRIO": "CIUDAD VIEJA",
        "CODBA": "CJ"
      }
    },
    {
      "type": "Feature",
      "geometry": {
        "type": "Polygon",
        "coordinates": [
          [
            [-56.13989447515429, -34.90164523244716],
            [-56.143555671467006, -34.90250838035599],
            [-56.14587381148122, -34.90283406407683],
            [-56.15036055874496, -34.90305721916363],
            [-56.15649671638674, -34.90315429735724],
            [-56.16036076444032, -34.90302263466086],
            [-56.16403857951702, -34.902273886845755],
            [-56.16343487150268, -34.90769730550828],
            [-56.162658835777286, -34.91474698887905],
            [-56.156263562785924, -34.91428044296524],
            [-56.1560136375157, -34.9165996966993],
            [-56.154778607245646, -34.91700847751803],
            [-56.148712434441364, -34.91841541787934],
            [-56.14895740067812, -34.91759470644015],
            [-56.14881568923982, -34.917572756170955],
            [-56.14826345054591, -34.917597314529715],
            [-56.148322430963624, -34.916434381441995],
            [-56.14756384640882, -34.9145478751891],
            [-56.14629053306187, -34.913095306062],
            [-56.144506342909345, -34.911630467273845],
            [-56.1414290391984, -34.910371574697365],
            [-56.14037434193069, -34.91033358510513],
            [-56.13944375048862, -34.9117685275391],
            [-56.13849292703002, -34.91223072810982],
            [-56.1360354534822, -34.91146849865237],
            [-56.134892399464526, -34.911517765120415],
            [-56.13768875690575, -34.90371039769116],
            [-56.138452604174674, -34.90121621804554],
            [-56.13989447515429, -34.90164523244716]
          ]
        ]
      },
      "properties": {
        "GID": 54,
        "NROBARRIO": 8,
        "BARRIO": "POCITOS",
        "CODBA": "PO"
      }
    },
    {
      "type": "Feature",
      "geometry": {
        "type": "Polygon",
        "coordinates": [
          [
            [-56.173161979310194, -34.90762628716113],
            [-56.17622063044581, -34.907649565887716],
            [-56.184331531778554, -34.90821532099547],
            [-56.18361958168561, -34.91446684864309],
            [-56.18445182958419, -34.91553089946135],
            [-56.18575059869555, -34.91594375514956],
            [-56.17968611031401, -34.91485982090688],
            [-56.178366481117045, -34.915316498483584],
            [-56.17771136003726, -34.91465827090483],
            [-56.17389556495401, -34.91456762497849],
            [-56.17363332082371, -34.914805328072866],
            [-56.17240717183656, -34.91439644935203],
            [-56.173161979310194, -34.90762628716113]
          ]
        ]
      },
      "properties": {
        "GID": 55,
        "NROBARRIO": 5,
        "BARRIO": "PALERMO",
        "CODBA": "PL"
      }
    },
    {
      "type": "Feature",
      "geometry": {
        "type": "Polygon",
        "coordinates": [
          [
            [-56.170613450195724, -34.915893840554496],
            [-56.17021298381534, -34.91296595268449],
            [-56.16866636358702, -34.911558587417346],
            [-56.16595366492406, -34.911432944305446],
            [-56.165713225884396, -34.914964707468236],
            [-56.16579154856802, -34.91745759914154],
            [-56.165508176986734, -34.91993780384546],
            [-56.162111263172285, -34.92162264114089],
            [-56.16288550065344, -34.91475299716524],
            [-56.162658835777286, -34.91474698887905],
            [-56.16343487150268, -34.90769730550828],
            [-56.168432695675186, -34.90805331411104],
            [-56.16854246728722, -34.907097848019376],
            [-56.173161979310194, -34.90762628716113],
            [-56.17240717183656, -34.91439644935203],
            [-56.17363332082371, -34.914805328072866],
            [-56.17167994626275, -34.91479589296956],
            [-56.170613450195724, -34.915893840554496]
          ]
        ]
      },
      "properties": {
        "GID": 56,
        "NROBARRIO": 6,
        "BARRIO": "PARQUE RODO",
        "CODBA": "PR"
      }
    },
    {
      "type": "Feature",
      "geometry": {
        "type": "Polygon",
        "coordinates": [
          [
            [-56.18575059869555, -34.91594375514956],
            [-56.18445182958419, -34.91553089946135],
            [-56.18361958168561, -34.91446684864309],
            [-56.184331531778554, -34.90821532099547],
            [-56.19782146971815, -34.909211191257896],
            [-56.19766098500361, -34.910950181139356],
            [-56.1952390957158, -34.912623323192136],
            [-56.191870923670805, -34.91339943202489],
            [-56.18737606653591, -34.91556684024518],
            [-56.18575059869555, -34.91594375514956]
          ]
        ]
      },
      "properties": {
        "GID": 57,
        "NROBARRIO": 3,
        "BARRIO": "BARRIO SUR",
        "CODBA": "SU"
      }
    },
    {
      "type": "Feature",
      "geometry": {
        "type": "Polygon",
        "coordinates": [
          [
            [-56.162658835777286, -34.91474698887905],
            [-56.16288550065344, -34.91475299716524],
            [-56.162111263172285, -34.92162264114089],
            [-56.165508176986734, -34.91993780384546],
            [-56.16579154856802, -34.91745759914154],
            [-56.165713225884396, -34.914964707468236],
            [-56.16595366492406, -34.911432944305446],
            [-56.16866636358702, -34.911558587417346],
            [-56.17021298381534, -34.91296595268449],
            [-56.170613450195724, -34.915893840554496],
            [-56.17000848031793, -34.917851908975024],
            [-56.170245298548004, -34.91842705732154],
            [-56.17250788735584, -34.91925143760332],
            [-56.17304835108681, -34.919971085410765],
            [-56.17249687337963, -34.92109075449983],
            [-56.17118666559838, -34.92167036391287],
            [-56.17207660617806, -34.923233537586036],
            [-56.17199815991326, -34.92495267731928],
            [-56.16933273392025, -34.9257533204968],
            [-56.168922108224336, -34.92619065481358],
            [-56.166072352507314, -34.92694435764942],
            [-56.16415875304918, -34.92863266798162],
            [-56.16194475522478, -34.92991590598909],
            [-56.16062103668692, -34.931054202297645],
            [-56.16049055880004, -34.93243603142592],
            [-56.16229891093691, -34.93324445527725],
            [-56.161767404416906, -34.93500506655952],
            [-56.16048910556242, -34.93593138742588],
            [-56.16059550123428, -34.93803355141678],
            [-56.15980997658339, -34.93781639553694],
            [-56.15968305826323, -34.935311950420925],
            [-56.15863367206791, -34.9330747366325],
            [-56.158884002331334, -34.93198822500641],
            [-56.15803710269688, -34.93114726811893],
            [-56.15744861357847, -34.92778367167391],
            [-56.155936214871915, -34.927763628234906],
            [-56.15535197961512, -34.926683363771225],
            [-56.15323394729164, -34.92596765466172],
            [-56.152450836754824, -34.925352197254576],
            [-56.15029458519611, -34.92527614297682],
            [-56.151458874930704, -34.92325478268507],
            [-56.1493942315965, -34.922260769080815],
            [-56.14765373276552, -34.92076720265549],
            [-56.14583879342151, -34.920203842116024],
            [-56.14519264685385, -34.91894801445357],
            [-56.147956535595355, -34.91904029537852],
            [-56.14826345054591, -34.917597314529715],
            [-56.14881568923982, -34.917572756170955],
            [-56.14895740067812, -34.91759470644015],
            [-56.148712434441364, -34.91841541787934],
            [-56.154778607245646, -34.91700847751803],
            [-56.1560136375157, -34.9165996966993],
            [-56.156263562785924, -34.91428044296524],
            [-56.162658835777286, -34.91474698887905]
          ]
        ]
      },
      "properties": {
        "GID": 58,
        "NROBARRIO": 7,
        "BARRIO": "PUNTA CARRETAS",
        "CODBA": "PC"
      }
    },
    {
      "type": "Feature",
      "geometry": {
        "type": "Polygon",
        "coordinates": [
          [
            [-56.2353272243405, -34.77971732724771],
            [-56.23339816222607, -34.77968971431532],
            [-56.230220374009086, -34.78110550347002],
            [-56.230830525833255, -34.78192442454703],
            [-56.235502648699935, -34.784577666225054],
            [-56.23664327028101, -34.78889170441831],
            [-56.23710169670324, -34.79145921521604],
            [-56.238026820479924, -34.792420724424275],
            [-56.237805489667295, -34.79391776315215],
            [-56.23867854714893, -34.79616465764916],
            [-56.238667451183105, -34.79624703154848],
            [-56.238804285788824, -34.796544967646255],
            [-56.23880839670755, -34.79666012969865],
            [-56.23993092247406, -34.79874688031817],
            [-56.239895068909995, -34.799471337317286],
            [-56.24229466818488, -34.80130816123628],
            [-56.24029071802983, -34.80300931856668],
            [-56.23947090225246, -34.80676178898048],
            [-56.23760156444318, -34.806578936783126],
            [-56.23752221063603, -34.80724142673173],
            [-56.23934140177647, -34.80846585264101],
            [-56.24022046513195, -34.810391985997285],
            [-56.2408518343355, -34.812807999941676],
            [-56.233545999605916, -34.816804399709845],
            [-56.230420793973565, -34.81344945461909],
            [-56.2256994165151, -34.816288386772406],
            [-56.22490730774475, -34.81676894142309],
            [-56.22125571118961, -34.818974859071304],
            [-56.220145444149985, -34.81963618757893],
            [-56.22078895713927, -34.812247382872954],
            [-56.21984746485546, -34.81283418960225],
            [-56.2202737552465, -34.80783206472389],
            [-56.22054467023885, -34.807674127853836],
            [-56.22091491600656, -34.803430771741624],
            [-56.22106552221022, -34.79906717094293],
            [-56.221349455224065, -34.7989451867592],
            [-56.22249656779779, -34.78670547025469],
            [-56.22377303277012, -34.78607502511802],
            [-56.22386215206455, -34.78279364616021],
            [-56.22435664845564, -34.780602305957984],
            [-56.22562430113373, -34.7767915222588],
            [-56.22928588093484, -34.778044530281065],
            [-56.234129961296446, -34.779340862401945],
            [-56.2353272243405, -34.77971732724771]
          ]
        ]
      },
      "properties": {
        "GID": 59,
        "NROBARRIO": 59,
        "BARRIO": "COLON CENTRO Y NOROESTE",
        "CODBA": "CS"
      }
    },
    {
      "type": "Feature",
      "geometry": {
        "type": "Polygon",
        "coordinates": [
          [
            [-56.2408518343355, -34.812807999941676],
            [-56.240852531104544, -34.81443719888378],
            [-56.2417305739337, -34.81655712551757],
            [-56.2435532706117, -34.818218742455954],
            [-56.245032573526075, -34.818585584979346],
            [-56.246559280888135, -34.81775568364467],
            [-56.24746428095316, -34.81677170284725],
            [-56.24960705937217, -34.81642230265262],
            [-56.25275599002297, -34.8175706882378],
            [-56.257092159629956, -34.817230699563595],
            [-56.25754367248669, -34.819447549516546],
            [-56.258328377178984, -34.82070232330217],
            [-56.25946535688185, -34.82136097631974],
            [-56.259041398235524, -34.82291732563557],
            [-56.26053512192039, -34.823579527149846],
            [-56.26236439198845, -34.82374577955714],
            [-56.25951303480391, -34.827431330290025],
            [-56.25535091495884, -34.82401151660455],
            [-56.250784773416115, -34.827104378339165],
            [-56.25061329115118, -34.827237941960284],
            [-56.24859801171735, -34.82868910354553],
            [-56.245031471343694, -34.82466509819168],
            [-56.23170359525059, -34.83256557868381],
            [-56.2312513648922, -34.83282449040917],
            [-56.22179112365368, -34.83839141948611],
            [-56.22170727937556, -34.83844649861346],
            [-56.22138571458216, -34.83353205565389],
            [-56.220085873736956, -34.82749639075491],
            [-56.22053670605565, -34.827216664308466],
            [-56.22059386656108, -34.82715955040424],
            [-56.22343054004361, -34.825489295649135],
            [-56.22245492298716, -34.823906282332516],
            [-56.22114115544361, -34.822999948246185],
            [-56.223589451425845, -34.82154560487073],
            [-56.22125571118961, -34.818974859071304],
            [-56.22490730774475, -34.81676894142309],
            [-56.2256994165151, -34.816288386772406],
            [-56.230420793973565, -34.81344945461909],
            [-56.233545999605916, -34.816804399709845],
            [-56.2408518343355, -34.812807999941676]
          ]
        ]
      },
      "properties": {
        "GID": 60,
        "NROBARRIO": 53,
        "BARRIO": "CONCILIACION",
        "CODBA": "CI"
      }
    },
    {
      "type": "Feature",
      "geometry": {
        "type": "Polygon",
        "coordinates": [
          [
            [-56.24859801171735, -34.82868910354553],
            [-56.25260545921141, -34.83210052178222],
            [-56.25360436991921, -34.833929362344556],
            [-56.253789708312915, -34.835982032806825],
            [-56.25545971106778, -34.83587797977673],
            [-56.26361889869098, -34.83810454408037],
            [-56.26520747150986, -34.838133122134884],
            [-56.265731488486296, -34.83919603098068],
            [-56.26580170469859, -34.8418109228807],
            [-56.2654787648169, -34.84340860351217],
            [-56.264156776366946, -34.84351817001843],
            [-56.262016652650374, -34.844575508648354],
            [-56.26066449530823, -34.846733301477364],
            [-56.25917292606779, -34.84720637545374],
            [-56.25814891129049, -34.850419252416636],
            [-56.25764970717148, -34.8527684606301],
            [-56.25621715503435, -34.853147806268346],
            [-56.255581140358636, -34.85473361411007],
            [-56.25407892562805, -34.85449487098413],
            [-56.252729983277284, -34.854829888761365],
            [-56.25189722046686, -34.85385917980858],
            [-56.25072121397021, -34.853364604743554],
            [-56.24981129803661, -34.85146394452442],
            [-56.249759477978344, -34.848629245931114],
            [-56.249761492350544, -34.848552619746364],
            [-56.25012317221144, -34.847055107440944],
            [-56.249710012467716, -34.846344384236104],
            [-56.24444552410299, -34.84928425373539],
            [-56.24368366452584, -34.84971374857022],
            [-56.23819048690748, -34.85269502256173],
            [-56.23763607771648, -34.85297286116969],
            [-56.235367862520576, -34.85042953438597],
            [-56.23452227309513, -34.85088745054506],
            [-56.23389587004304, -34.849275969462994],
            [-56.23220048902499, -34.84878561991051],
            [-56.23072164900926, -34.8470271522798],
            [-56.23348888014794, -34.84549142767792],
            [-56.23138544829493, -34.842486488500604],
            [-56.231904166203734, -34.84037503235521],
            [-56.228641337302406, -34.842246620354025],
            [-56.227189461376454, -34.840039956214525],
            [-56.224696722473865, -34.84144492746082],
            [-56.22396297072598, -34.84050526285172],
            [-56.221798961161916, -34.84166312740774],
            [-56.22179112365368, -34.83839141948611],
            [-56.2312513648922, -34.83282449040917],
            [-56.23170359525059, -34.83256557868381],
            [-56.245031471343694, -34.82466509819168],
            [-56.24859801171735, -34.82868910354553]
          ]
        ]
      },
      "properties": {
        "GID": 61,
        "NROBARRIO": 55,
        "BARRIO": "NUEVO PARIS",
        "CODBA": "NP"
      }
    },
    {
      "type": "Feature",
      "geometry": {
        "type": "Polygon",
        "coordinates": [
          [
            [-56.23867854714893, -34.79616465764916],
            [-56.237805489667295, -34.79391776315215],
            [-56.238026820479924, -34.792420724424275],
            [-56.23710169670324, -34.79145921521604],
            [-56.23664327028101, -34.78889170441831],
            [-56.235502648699935, -34.784577666225054],
            [-56.230830525833255, -34.78192442454703],
            [-56.230220374009086, -34.78110550347002],
            [-56.23339816222607, -34.77968971431532],
            [-56.2353272243405, -34.77971732724771],
            [-56.234129961296446, -34.779340862401945],
            [-56.22928588093484, -34.778044530281065],
            [-56.22562430113373, -34.7767915222588],
            [-56.22772550168793, -34.767696418246054],
            [-56.22799574006783, -34.768894751438594],
            [-56.23027072845084, -34.7695253446783],
            [-56.230838879818606, -34.7700741382606],
            [-56.232244892165305, -34.769746113568985],
            [-56.23369715662305, -34.76862568190492],
            [-56.23433214693138, -34.76747678591792],
            [-56.2347081125517, -34.765594690812236],
            [-56.2358178518111, -34.764728459840235],
            [-56.23873442279964, -34.763315117637035],
            [-56.24090144332283, -34.762628983479495],
            [-56.242266681757606, -34.7613070773103],
            [-56.243937853160574, -34.760205528296055],
            [-56.245392804364265, -34.76054965843985],
            [-56.24670137516033, -34.75936236983575],
            [-56.2480960490771, -34.75960676386292],
            [-56.250188966394006, -34.75879714020889],
            [-56.25034776114808, -34.7575643230892],
            [-56.25218664531967, -34.75662991700939],
            [-56.25266062424994, -34.755952474692926],
            [-56.25576759523159, -34.75403013200389],
            [-56.261677245415676, -34.753587118849445],
            [-56.26234399403083, -34.75437499558116],
            [-56.26361203265629, -34.7540504965799],
            [-56.26753187175236, -34.75113434836112],
            [-56.26895120215735, -34.7513256620619],
            [-56.27154931637202, -34.74968093468502],
            [-56.27315593037847, -34.747451417729664],
            [-56.27443710481369, -34.74444310281348],
            [-56.27339034330258, -34.74175601243372],
            [-56.27218321660614, -34.74053023640945],
            [-56.27324748606082, -34.73910477348686],
            [-56.27604064847168, -34.73831410617052],
            [-56.2779583563396, -34.73846257897071],
            [-56.27772456264434, -34.73564325048393],
            [-56.2779190035411, -34.734501993942665],
            [-56.27884918422913, -34.73362404127157],
            [-56.27914226665078, -34.72961972450778],
            [-56.27981488774316, -34.728648846013606],
            [-56.279922058340965, -34.72692824710728],
            [-56.281811045973605, -34.726101630420494],
            [-56.2819328824065, -34.72500911452134],
            [-56.28360205375262, -34.72379688856738],
            [-56.28583488897488, -34.72373383814077],
            [-56.28839986616995, -34.72150971944151],
            [-56.28774882653257, -34.719982697584356],
            [-56.28979322797897, -34.718212468022614],
            [-56.29166659333736, -34.71918300195718],
            [-56.29505282541977, -34.71796883617873],
            [-56.2962485010969, -34.71619358252485],
            [-56.296278689219115, -34.71480762712934],
            [-56.2973583378882, -34.71365621127837],
            [-56.29734929653743, -34.71254420835742],
            [-56.29903990101801, -34.711122118996585],
            [-56.30139023074095, -34.71020645303373],
            [-56.30182777219432, -34.70862481046566],
            [-56.30393478047005, -34.708118969953134],
            [-56.30422254177273, -34.70679540999843],
            [-56.30643494120885, -34.706914648860405],
            [-56.30875097167004, -34.70566353464],
            [-56.30845022831135, -34.70412337237481],
            [-56.3089967509569, -34.70324247682414],
            [-56.31079495302917, -34.70384724438497],
            [-56.311286362247486, -34.70464209933972],
            [-56.31270664737084, -34.70463488643133],
            [-56.31301471411273, -34.70306770263148],
            [-56.31553341258282, -34.70181759983828],
            [-56.31768324266437, -34.70280452071321],
            [-56.32158123341105, -34.70203420773812],
            [-56.324292119904804, -34.702079734766315],
            [-56.32666973610806, -34.704089088115374],
            [-56.32726479081401, -34.70497891254425],
            [-56.32841238235958, -34.70802786083374],
            [-56.329832829469765, -34.71058356579481],
            [-56.332949921613, -34.71262246112272],
            [-56.33452999222837, -34.71395337036518],
            [-56.335784737226476, -34.715669164769515],
            [-56.33763032558673, -34.71555735467793],
            [-56.3388770060659, -34.71420845631341],
            [-56.34026709786343, -34.71337821780376],
            [-56.34227707360154, -34.71346524623388],
            [-56.34329209227423, -34.7157403267176],
            [-56.344752530270036, -34.717682685316845],
            [-56.34634456308039, -34.71932108750108],
            [-56.346742766680755, -34.72105218585368],
            [-56.34836780346197, -34.72243930314491],
            [-56.35061115989745, -34.72338044868812],
            [-56.35260238484398, -34.72561851066688],
            [-56.35359201675578, -34.727658777194],
            [-56.35157882469862, -34.73070622662827],
            [-56.349425093878196, -34.735087206321545],
            [-56.346916962959895, -34.740552000163845],
            [-56.3435935636963, -34.744974750899054],
            [-56.3417255502994, -34.74989573068955],
            [-56.34182115718652, -34.751157271507935],
            [-56.34261684951669, -34.75404164929151],
            [-56.34690096034857, -34.75884985320667],
            [-56.34677772851105, -34.761111262641975],
            [-56.343099766697165, -34.77292382776926],
            [-56.34319873555289, -34.77559475414112],
            [-56.342137895947374, -34.77744493438753],
            [-56.34290855067257, -34.77814610930648],
            [-56.344357231127496, -34.78054690078948],
            [-56.3461350946839, -34.78243702224013],
            [-56.346724553604425, -34.784629895481814],
            [-56.34883463512485, -34.784783782617296],
            [-56.347282939863035, -34.78609646270151],
            [-56.34518657879206, -34.78615467277623],
            [-56.34348588833958, -34.78717121689152],
            [-56.34144813082356, -34.78698574814607],
            [-56.33989187488186, -34.787212931713924],
            [-56.339883697336774, -34.78577946596512],
            [-56.33928967095099, -34.78453823935635],
            [-56.338244932343194, -34.78368164439743],
            [-56.333676829322044, -34.78363698121528],
            [-56.33139233142543, -34.78397514855967],
            [-56.33011069704502, -34.7847540904201],
            [-56.32934726318963, -34.78578901116649],
            [-56.32777970811601, -34.78579257282627],
            [-56.32612412152035, -34.78494056670041],
            [-56.32528334111189, -34.78567621260495],
            [-56.32511941664589, -34.78755759629606],
            [-56.32362436524488, -34.788734096302235],
            [-56.321734190336045, -34.788610866171545],
            [-56.32082670904043, -34.789305524308645],
            [-56.32131545476985, -34.790145064145825],
            [-56.323016198132095, -34.79100067894786],
            [-56.32262147501254, -34.79206893605073],
            [-56.321607752074925, -34.792891587374186],
            [-56.32052724793214, -34.792980306173035],
            [-56.31984404209805, -34.79127387312219],
            [-56.31862238551342, -34.79143312834507],
            [-56.31852165393236, -34.79234662647466],
            [-56.31946184528342, -34.79292805300607],
            [-56.319817682294804, -34.7949593071384],
            [-56.317566000663966, -34.79608580784359],
            [-56.316087558627835, -34.79520817504698],
            [-56.31331626219412, -34.795638023472556],
            [-56.3119233442114, -34.79514310845779],
            [-56.30925430127265, -34.79649242427312],
            [-56.31083841796287, -34.79770678470346],
            [-56.297398506644726, -34.80428753110695],
            [-56.29427626976059, -34.805951109056686],
            [-56.293046362132415, -34.80705844013568],
            [-56.28969579415875, -34.80920425345319],
            [-56.28085419431942, -34.8137347299359],
            [-56.2713946581691, -34.81871666024393],
            [-56.26910632752085, -34.82582796592405],
            [-56.26735093034058, -34.82548092108071],
            [-56.26559405093957, -34.82455219544645],
            [-56.26429500098626, -34.82535561645791],
            [-56.263218385748225, -34.82496722282006],
            [-56.26236439198845, -34.82374577955714],
            [-56.26053512192039, -34.823579527149846],
            [-56.259041398235524, -34.82291732563557],
            [-56.25946535688185, -34.82136097631974],
            [-56.258328377178984, -34.82070232330217],
            [-56.25754367248669, -34.819447549516546],
            [-56.257092159629956, -34.817230699563595],
            [-56.25275599002297, -34.8175706882378],
            [-56.24960705937217, -34.81642230265262],
            [-56.24746428095316, -34.81677170284725],
            [-56.246559280888135, -34.81775568364467],
            [-56.245032573526075, -34.818585584979346],
            [-56.2435532706117, -34.818218742455954],
            [-56.2417305739337, -34.81655712551757],
            [-56.240852531104544, -34.81443719888378],
            [-56.2408518343355, -34.812807999941676],
            [-56.24022046513195, -34.810391985997285],
            [-56.23934140177647, -34.80846585264101],
            [-56.23752221063603, -34.80724142673173],
            [-56.23760156444318, -34.806578936783126],
            [-56.23947090225246, -34.80676178898048],
            [-56.24029071802983, -34.80300931856668],
            [-56.24229466818488, -34.80130816123628],
            [-56.239895068909995, -34.799471337317286],
            [-56.23993092247406, -34.79874688031817],
            [-56.23880839670755, -34.79666012969865],
            [-56.238804285788824, -34.796544967646255],
            [-56.238667451183105, -34.79624703154848],
            [-56.23867854714893, -34.79616465764916]
          ]
        ]
      },
      "properties": {
        "GID": 62,
        "NROBARRIO": 60,
        "BARRIO": "LEZICA MELILLA",
        "CODBA": "LZ"
      }
    },
    {
      "type": "Feature",
      "geometry": {
        "type": "Polygon",
        "coordinates": [
          [
            [-56.354306508983264, -34.867557225684195],
            [-56.353705532000916, -34.866090491263904],
            [-56.35249980365055, -34.864365111365366],
            [-56.352667503802635, -34.86118229802711],
            [-56.35232644796566, -34.85985938238149],
            [-56.353041136511465, -34.85764731363929],
            [-56.35250692741231, -34.85646422647671],
            [-56.35285251879488, -34.85570562015391],
            [-56.35139600794167, -34.85351232104373],
            [-56.34968483197595, -34.8521853934916],
            [-56.34866439925248, -34.85189310264487],
            [-56.36101454155984, -34.84571995859913],
            [-56.36556303416954, -34.84335245788978],
            [-56.35892335667651, -34.83432629299049],
            [-56.357952789590755, -34.833005351428355],
            [-56.355623174791674, -34.829837771356104],
            [-56.3395910798998, -34.838106679461795],
            [-56.317096331984075, -34.84954008567449],
            [-56.30080855862914, -34.85795361641434],
            [-56.29077888972327, -34.851974254298035],
            [-56.290415823654996, -34.85134051278193],
            [-56.28996427261996, -34.85117449858307],
            [-56.28977908976374, -34.851135278069734],
            [-56.27997720870215, -34.84280554583324],
            [-56.272395018372535, -34.83622523553209],
            [-56.27030277268121, -34.83696521048941],
            [-56.26520747150986, -34.838133122134884],
            [-56.26361889869098, -34.83810454408037],
            [-56.25545971106778, -34.83587797977673],
            [-56.253789708312915, -34.835982032806825],
            [-56.25360436991921, -34.833929362344556],
            [-56.25260545921141, -34.83210052178222],
            [-56.24859801171735, -34.82868910354553],
            [-56.25061329115118, -34.827237941960284],
            [-56.250784773416115, -34.827104378339165],
            [-56.25535091495884, -34.82401151660455],
            [-56.25951303480391, -34.827431330290025],
            [-56.26236439198845, -34.82374577955714],
            [-56.263218385748225, -34.82496722282006],
            [-56.26429500098626, -34.82535561645791],
            [-56.26559405093957, -34.82455219544645],
            [-56.26735093034058, -34.82548092108071],
            [-56.26910632752085, -34.82582796592405],
            [-56.2713946581691, -34.81871666024393],
            [-56.28085419431942, -34.8137347299359],
            [-56.28969579415875, -34.80920425345319],
            [-56.293046362132415, -34.80705844013568],
            [-56.29427626976059, -34.805951109056686],
            [-56.297398506644726, -34.80428753110695],
            [-56.31083841796287, -34.79770678470346],
            [-56.30925430127265, -34.79649242427312],
            [-56.3119233442114, -34.79514310845779],
            [-56.31331626219412, -34.795638023472556],
            [-56.316087558627835, -34.79520817504698],
            [-56.317566000663966, -34.79608580784359],
            [-56.319817682294804, -34.7949593071384],
            [-56.31946184528342, -34.79292805300607],
            [-56.31852165393236, -34.79234662647466],
            [-56.31862238551342, -34.79143312834507],
            [-56.31984404209805, -34.79127387312219],
            [-56.32052724793214, -34.792980306173035],
            [-56.321607752074925, -34.792891587374186],
            [-56.32262147501254, -34.79206893605073],
            [-56.323016198132095, -34.79100067894786],
            [-56.32131545476985, -34.790145064145825],
            [-56.32082670904043, -34.789305524308645],
            [-56.321734190336045, -34.788610866171545],
            [-56.32362436524488, -34.788734096302235],
            [-56.32511941664589, -34.78755759629606],
            [-56.32528334111189, -34.78567621260495],
            [-56.32612412152035, -34.78494056670041],
            [-56.32777970811601, -34.78579257282627],
            [-56.32934726318963, -34.78578901116649],
            [-56.33011069704502, -34.7847540904201],
            [-56.33139233142543, -34.78397514855967],
            [-56.333676829322044, -34.78363698121528],
            [-56.338244932343194, -34.78368164439743],
            [-56.33928967095099, -34.78453823935635],
            [-56.339883697336774, -34.78577946596512],
            [-56.33989187488186, -34.787212931713924],
            [-56.34144813082356, -34.78698574814607],
            [-56.34348588833958, -34.78717121689152],
            [-56.34518657879206, -34.78615467277623],
            [-56.34547956202987, -34.78689941888853],
            [-56.34689567208701, -34.787365089386284],
            [-56.34812826188193, -34.78719986206658],
            [-56.34856974022879, -34.78642609461514],
            [-56.35010862467172, -34.78599650186761],
            [-56.35355656284112, -34.785715732321115],
            [-56.3543287981849, -34.78526027280768],
            [-56.35592135504217, -34.78652921268751],
            [-56.35631584135934, -34.78822093067988],
            [-56.35513829680011, -34.78954118992656],
            [-56.355283412883274, -34.791656310248406],
            [-56.35718163706032, -34.79233651313689],
            [-56.357744678155704, -34.79322783938719],
            [-56.356093727940795, -34.79359431745785],
            [-56.35676280286219, -34.79451436305586],
            [-56.360103818868815, -34.794971146639895],
            [-56.36271755340249, -34.796253548026165],
            [-56.36291410793532, -34.798524218855356],
            [-56.36439752649712, -34.798909997558354],
            [-56.367519242772296, -34.799058321076515],
            [-56.37107829170085, -34.7985969963054],
            [-56.37233812797327, -34.79893735846549],
            [-56.379632770356956, -34.79748986557826],
            [-56.38160037145136, -34.797974488875006],
            [-56.38476685826744, -34.79796949282109],
            [-56.385587561023, -34.79767740230144],
            [-56.38804983130334, -34.79771150653277],
            [-56.389135804711074, -34.80110038741599],
            [-56.39167273983726, -34.80177406838406],
            [-56.393300926136845, -34.80305572233343],
            [-56.39403076899988, -34.804300857702316],
            [-56.39652705641194, -34.80479884816659],
            [-56.39826606060835, -34.805613756198646],
            [-56.40150240927878, -34.80591192902165],
            [-56.40490963259538, -34.80848327519497],
            [-56.40464833823636, -34.81029627011528],
            [-56.40658763155989, -34.811418568771536],
            [-56.406450187144586, -34.812604526786586],
            [-56.40937501092067, -34.81698404467496],
            [-56.413384865121216, -34.817468349679174],
            [-56.414005190356654, -34.81899178797275],
            [-56.41730444972938, -34.820305607746306],
            [-56.41729751429186, -34.82169322427103],
            [-56.418954813388254, -34.822634641691366],
            [-56.42005437472514, -34.822196307266395],
            [-56.42160831964796, -34.82260463314673],
            [-56.4253789177899, -34.82556548688358],
            [-56.42656903006393, -34.82712142070955],
            [-56.43019080186795, -34.82757996624427],
            [-56.43080460640959, -34.82858089572819],
            [-56.430684778862755, -34.83086493762548],
            [-56.42912874845776, -34.83082506679478],
            [-56.42868655130657, -34.83493463746881],
            [-56.42593117062531, -34.8354249582849],
            [-56.424851264277045, -34.837463977836926],
            [-56.423784946877205, -34.837883230947014],
            [-56.42201468407945, -34.837741492020584],
            [-56.42032889234648, -34.83818428789759],
            [-56.418940330910665, -34.83961583415358],
            [-56.416631282963436, -34.839973055523124],
            [-56.41293663689033, -34.83969494927245],
            [-56.41211861744206, -34.840633812500165],
            [-56.409186233126235, -34.84129592284008],
            [-56.406464394995766, -34.842160863428674],
            [-56.40099804195818, -34.84208683544878],
            [-56.39874096628456, -34.84412480331971],
            [-56.39758277395984, -34.8435085681586],
            [-56.39481786841443, -34.84363828552483],
            [-56.3933724829197, -34.844492115883554],
            [-56.39219646326561, -34.84449290604449],
            [-56.39013950894777, -34.84540804136608],
            [-56.38905058720964, -34.846755979952306],
            [-56.38944983348459, -34.847817823990056],
            [-56.38840852293485, -34.849967772744854],
            [-56.383747351251955, -34.85201057559929],
            [-56.38262466708423, -34.851257534918325],
            [-56.38137202747608, -34.85169813549608],
            [-56.38061564965109, -34.8529437752224],
            [-56.381498772729984, -34.854406864831645],
            [-56.3815449829487, -34.855334450414084],
            [-56.38084252411443, -34.85696822182286],
            [-56.37882564724289, -34.857928885513736],
            [-56.377158833024666, -34.85776521837249],
            [-56.375840443534834, -34.85849157708336],
            [-56.3769208254081, -34.85979009440024],
            [-56.37388595337863, -34.86245288531929],
            [-56.3728519932723, -34.862263584175075],
            [-56.36923828959282, -34.862513588108506],
            [-56.36750532561701, -34.86301821023085],
            [-56.36696835918196, -34.86363656565106],
            [-56.36822603445763, -34.8645054967715],
            [-56.36787225166601, -34.8655751569678],
            [-56.36563010872907, -34.86543154941844],
            [-56.36478842134854, -34.86657990687985],
            [-56.363315341643634, -34.866293250710584],
            [-56.362331340835894, -34.865463666205976],
            [-56.359475774814086, -34.86696757681116],
            [-56.35535299525782, -34.866011472056805],
            [-56.354306508983264, -34.867557225684195]
          ]
        ]
      },
      "properties": {
        "GID": 63,
        "NROBARRIO": 57,
        "BARRIO": "PASO DE LA ARENA",
        "CODBA": "PA"
      }
    }
  ]
}
